i	i	i
je	biti	biti
u	u	u
se	sebe	sebe
na	na	na
da	da	da
za	za	za
su	biti	biti
od	od	od
a	a	a
s	sa	sa
ne	ne	ne
koji	koji	koji
to	taj	taj
što	što	sto
o	o	o
će	htjeti	htjeti
ili	ili	ili
kao	kao	kao
iz	iz	iz
kako	kako	kako
bi	biti	biti
te	te	te
sa	sa	sa
sam	biti	biti
ali	ali	ali
nije	biti	biti
koje	koji	koji
do	do	do
sve	sav	sav
koja	koji	koji
samo	samo	samo
po	po	po
ako	ako	ako
biti	biti	biti
godine	godina	godina
jer	jer	jer
pa	pa	pa
mi	ja	ja
može	moći	moci
više	mnogo	mnogo
tako	tako	tako
nakon	nakon	nakon
ima	imati	imati
smo	biti	biti
još	još	jos
bilo	biti	biti
ga	on	on
uz	uz	uz
već	već	vec
kada	kada	kada
bio	biti	biti
kad	kad	kad
mogu	moći	moci
li	li	li
prema	prema	prema
zbog	zbog	zbog
bez	bez	bez
ja	ja	ja
ih	oni	oni
dana	dan	dan
kod	kod	kod
dok	dok	dok
prije	prije	prije
godina	godina	godina
ni	ni	ni
nego	nego	nego
jedan	jedan	jedan
treba	trebati	trebati
no	no	no
bila	biti	biti
svoje	svoj	svoj
ti	ti	ti
vrijeme	vrijeme	vrijeme
toga	taj	taj
ljudi	čovjek	covjek
oko	oko	oko
nisu	biti	biti
nema	nemati	nemati
ove	ovaj	ovaj
on	on	on
ovo	ovaj	ovaj
mu	on	on
gdje	gdje	gdje
nas	mi	mi
ovaj	ovaj	ovaj
tu	tu	tu
nam	mi	mi
radi	raditi	raditi
danas	danas	danas
sada	sada	sada
koju	koji	koji
način	način	nacin
također	također	takoder
malo	malo	malo
dobro	dobro	dobro
onda	onda	onda
vrlo	vrlo	vrlo
kroz	kroz	kroz
svi	sav	sav
dva	dva	dva
oni	oni	oni
taj	taj	taj
nešto	nešto	nesto
vam	vi	vi
tome	taj	taj
me	ja	ja
pod	pod	pod
uvijek	uvijek	uvijek
im	oni	oni
nekoliko	nekoliko	nekoliko
broj	broj	broj
kojima	koji	koji
hrvatske	hrvatska	hrvatska
možete	moći	moci
imaju	imati	imati
dio	dio	dio
ono	on	on
tri	tri	tri
između	između	izmedu
prvi	prvi	prvi
čak	čak	cak
koliko	koliko	koliko
bili	biti	biti
si	biti	biti
neki	neki	neki
ona	on	on
rekao	reći	reci
mora	morati	morati
odnosno	odnosno	odnosno
tijekom	tijekom	tijekom
dan	dan	dan
iako	iako	iako
osim	osim	osim
puno	puno	puno
drugi	drugi	drugi
druge	drugi	drugi
sad	sad	sad
protiv	protiv	protiv
svoj	svoj	svoj
svojim	svoj	svoj
možda	možda	mozda
ste	biti	biti
strane	strana	strana
vas	vi	vi
preko	preko	preko
kojem	koji	koji
njih	oni	oni
hrvatskoj	hrvatska	hrvatska
nisam	biti	biti
dvije	dva	dva
svih	sav	sav
novi	nov	nov
svoju	svoj	svoj
jedna	jedan	jedan
put	put	put
kojoj	koji	koji
zato	zato	zato
bih	biti	biti
dalje	daleko	daleko
tom	taj	taj
jednom	jedan	jedan
puta	put	put
postoji	postojati	postojati
ipak	ipak	ipak
pri	pri	pri
vremena	vrijeme	vrijeme
neće	htjeti	htjeti
ova	ovaj	ovaj
neke	neki	neki
grada	grad	grad
rada	rad	rad
ovom	ovaj	ovaj
poput	poput	poput
rad	rad	rad
ovog	ovaj	ovaj
svaki	svaki	svaki
ta	taj	taj
one	onaj	onaj
posebno	posebno	posebno
mjesto	mjesto	mjesto
tko	tko	tko
među	među	medu
ćemo	htjeti	htjeti
život	život	zivot
baš	baš	bas
manje	malo	malo
kuna	kuna	kuna
upravo	upravo	upravo
posto	posto	posto
često	često	cesto
jako	jako	jako
svim	sav	sav
tada	tada	tada
tim	taj	taj
potrebno	potreban	potreban
kaže	kazati	kazati
isto	isto	isto
niti	niti	niti
ništa	ništa	nista
osoba	osoba	osoba
prava	pravo	pravo
stvari	stvar	stvar
tek	tek	tek
imati	imati	imati
bolje	dobro	dobro
sati	sat	sat
znači	značiti	znaciti
života	život	zivot
njega	on	on
slučaju	slučaj	slucaj
zašto	zašto	zasto
bude	biti	biti
mislim	misliti	misliti
ovdje	ovdje	ovdje
hrvatska	hrvatska	hrvatska
pitanje	pitanje	pitanje
sebe	sebe	sebe
nove	nov	nov
problem	problem	problem
joj	on	on
drugih	drugi	drugi
znam	znati	znati
kraju	kraj	kraj
nalazi	nalaziti	nalaziti
gotovo	gotovo	gotovo
čini	činiti	ciniti
vode	voda	voda
naše	naš	nas
pred	pred	pred
meni	ja	ja
moguće	moguć	moguc
naravno	naravno	naravno
međutim	međutim	medutim
neka	neka	neka
mjesta	mjesto	mjesto
e	e	e
sto	što	sto
možemo	moći	moci
kojeg	koji	koji
ćete	htjeti	htjeti
toliko	toliko	toliko
riječ	riječ	rijec
veliki	velik	velik
grad	grad	grad
aktivnosti	aktivnost	aktivnost
koristi	koristiti	koristiti
godinu	godina	godina
području	područje	podrucje
mnogo	mnogo	mnogo
pravo	pravo	pravo
njima	oni	oni
dakle	dakle	dakle
bit	biti	biti
opet	opet	opet
putem	put	put
mogao	moći	moci
pomoći	pomoći	pomoci
imao	imati	imati
drugim	drugi	drugi
osobe	osoba	osoba
milijuna	milijun	milijun
mene	ja	ja
stoga	stoga	stoga
zapravo	zapravo	zapravo
reći	reći	reci
dovoljno	dovoljno	dovoljno
tamo	tamo	tamo
ću	htjeti	htjeti
potpuno	potpuno	potpuno
imam	imati	imati
problema	problem	problem
razvoj	razvoj	razvoj
zagrebu	zagreb	zagreb
zatim	zatim	zatim
zna	znati	znati
program	program	program
zajedno	zajedno	zajedno
obitelji	obitelj	obitelj
jednostavno	jednostavno	jednostavno
proizvoda	proizvod	proizvod
pomoć	pomoć	pomoc
teško	teško	tesko
koristiti	koristiti	koristiti
sustava	sustav	sustav
jednu	jedan	jedan
odmah	odmah	odmah
četiri	četiri	cetiri
sustav	sustav	sustav
tog	taj	taj
programa	program	program
zagreb	zagreb	zagreb
svijetu	svijet	svijet
svega	sav	sav
obzirom	obzir	obzir
netko	netko	netko
prvo	prvo	prvo
jednog	jedan	jedan
mogli	moći	moci
biste	biti	biti
pet	pet	pet
ime	ime	ime
najbolje	dobar	dobar
svom	svoj	svoj
kojim	koji	koji
eu	eu	eu
posao	posao	posao
hrvatski	hrvatski	hrvatski
kn	kn	kn
kojih	koji	koji
postoje	postojati	postojati
zakona	zakon	zakon
predsjednik	predsjednik	predsjednik
time	taj	taj
ju	on	on
njegova	njegov	njegov
cilj	cilj	cilj
tih	taj	taj
dolazi	dolaziti	dolaziti
podataka	podatak	podatak
pitanja	pitanje	pitanje
ko	kao	kao
područja	područje	podrucje
jedno	jedan	jedan
imali	imati	imati
njegov	njegov	njegov
projekta	projekt	projekt
vi	vi	vi
eura	euro	euro
naime	naime	naime
sebi	sebe	sebe
imamo	imati	imati
ovu	ovaj	ovaj
moj	moj	moj
lako	lako	lako
kuće	kuća	kuca
djece	dijete	dijete
moraju	morati	morati
mjestu	mjesto	mjesto
par	par	par
velike	velik	velik
žena	žena	zena
kasnije	kasno	kasno
sigurno	sigurno	sigurno
jasno	jasno	jasno
nova	nov	nov
dosta	dosta	dosta
društva	društvo	drustvo
bolesti	bolest	bolest
odnosu	odnos	odnos
velika	velik	velik
svijeta	svijet	svijet
najviše	mnogo	mnogo
evo	evo	evo
ide	ići	ici
žene	žena	zena
prilikom	prilikom	prilikom
cijena	cijena	cijena
naš	naš	mi
svojih	svoj	svoj
škole	škola	skola
zemlje	zemlja	zemlja
film	film	film
važno	važan	vazan
projekt	projekt	projekt
brzo	brzo	brzo
uglavnom	uglavnom	uglavnom
ovih	ovaj	ovaj
vidjeti	vidjeti	vidjeti
trebalo	trebati	trebati
tijela	tijelo	tijelo
svog	svoj	svoj
ovim	ovaj	ovaj
države	država	drzava
unutar	unutar	unutar
drugo	drugi	drugi
njemu	on	on
šta	što	sto
čemu	što	sto
svojoj	svoj	svoj
vjerojatno	vjerojatno	vjerojatno
mogućnost	mogućnost	mogucnost
dobar	dobar	dobar
skladu	sklad	sklad
kraja	kraj	kraj
riječi	riječ	rijec
prostor	prostor	prostor
minuta	minuta	minuta
dijete	dijete	dijete
iza	iza	iza
primjer	primjer	primjer
vrijednosti	vrijednost	vrijednost
mogućnosti	mogućnost	mogucnost
daje	davati	davati
raditi	raditi	raditi
ispod	ispod	ispod
mnogi	mnogi	mnogi
vrata	vrata	vrata
informacije	informacija	informacija
radu	rad	rad
želi	željeti	zeljeti
novih	nov	nov
govori	govoriti	govoriti
moći	moći	moci
ponovno	ponovno	ponovno
druga	drugi	drugi
jedne	jedan	jedan
čovjek	čovjek	covjek
priča	priča	prica
bile	biti	biti
nikad	nikad	nikad
m	m	m
vrste	vrsta	vrsta
ukoliko	ukoliko	ukoliko
dobiti	dobiti	dobiti
onih	onaj	onaj
hrvatskog	hrvatski	hrvatski
ovoj	ovaj	ovaj
nama	mi	mi
prva	prvi	prvi
potrebe	potreba	potreba
predstavlja	predstavljati	predstavljati
izgleda	izgledati	izgledati
čega	što	sto
inače	inače	inace
isti	isti	isti
koriste	koristiti	koristiti
prostora	prostor	prostor
vrsta	vrsta	vrsta
energije	energija	energija
županije	županija	zupanija
svima	sav	sav
država	država	drzava
budući	budući	buduci
djeca	dijete	dijete
vidi	vidjeti	vidjeti
vodi	voditi	voditi
nikada	nikada	nikada
sva	sav	sav
životu	život	zivot
stvar	stvar	stvar
njegove	njegov	njegov
godini	godina	godina
hvala	hvala	hvala
zaštite	zaštita	zastita
glavni	glavni	glavni
usluge	usluga	usluga
svijet	svijet	svijet
umjesto	umjesto	umjesto
barem	barem	barem
sami	sam	sam
nad	nad	nad
smatra	smatrati	smatrati
rade	raditi	raditi
onaj	onaj	onaj
al	ali	ali
razloga	razlog	razlog
mogla	moći	moci
nitko	nitko	nitko
obično	obično	obicno
razvoja	razvoj	razvoj
dugo	dugo	dugo
trebao	trebati	trebati
djecu	dijete	dijete
uopće	uopće	uopce
ma	ma	ma
rekla	reći	reci
trenutno	trenutno	trenutno
imala	imati	imati
ce	htjeti	htjeti
rata	rat	rat
njihove	njihov	njihov
svaka	svaki	svaki
slika	slika	slika
kraj	kraj	kraj
nekim	neki	neki
najbolji	dobar	dobar
napraviti	napraviti	napraviti
usluga	usluga	usluga
jest	biti	biti
većina	većina	vecina
vaše	vaš	vas
jedino	jedino	jedino
stanje	stanje	stanje
mali	mali	mali
piše	pisati	pisati
moje	moj	moj
istraživanja	istraživanje	istrazivanje
prve	prvi	prvi
republike	republika	republika
svakom	svaki	svaki
dobio	dobiti	dobiti
gradu	grad	grad
veći	velik	velik
trenutku	trenutak	trenutak
drugom	drugi	drugi
tvrtke	tvrtka	tvrtka
gore	gore	gore
ljude	čovjek	covjek
boje	boja	boja
žele	željeti	zeljeti
materijala	materijal	materijal
ljudima	čovjek	covjek
različitih	različit	razlicit
stvarno	stvarno	stvarno
pristup	pristup	pristup
mjeseci	mjesec	mjesec
ovoga	ovaj	ovaj
page	page	page
tijelo	tijelo	tijelo
sata	sat	sat
član	član	clan
bismo	biti	biti
doći	doći	doci
ivan	ivan	ivan
niz	niz	niz
izbor	izbor	izbor
dijelu	dio	dio
rezultat	rezultat	rezultat
video	video	video
novog	nov	nov
knjige	knjiga	knjiga
dobra	dobar	dobar
vlada	vlada	vlada
vozila	vozilo	vozilo
naša	naš	nas
ljubav	ljubav	ljubav
njihova	njihov	njihov
knjiga	knjiga	knjiga
moglo	moći	moci
svakako	svakako	svakako
nismo	biti	biti
moja	moj	moj
takav	takav	takav
promjene	promjena	promjena
društvo	društvo	drustvo
god	god	god
trebali	trebati	trebati
dati	dati	dati
neko	neki	neki
drugog	drugi	drugi
sredstva	sredstvo	sredstvo
nudi	nuditi	nuditi
hrvatsku	hrvatska	hrvatska
cijene	cijena	cijena
km	km	km
nekih	neki	neki
cijeli	cijel	cijel
uključujući	uključivati	ukljucivati
kulture	kultura	kultura
njihov	njihov	njihov
vlade	vlada	vlada
ostale	ostali	ostali
prvom	prvi	prvi
zajednice	zajednica	zajednica
mjeseca	mjesec	mjesec
cm	cm	cm
mjere	mjera	mjera
udruge	udruga	udruga
vaš	vaš	vi
razini	razina	razina
škola	škola	skola
hrvatskih	hrvatski	hrvatski
poslije	poslije	poslije
kuća	kuća	kuca
znanja	znanje	znanje
toj	taj	taj
proces	proces	proces
imate	imati	imati
bog	bog	bog
boja	boja	boja
web	web	web
svake	svaki	svaki
pak	pak	pak
zaštitu	zaštita	zastita
odgovor	odgovor	odgovor
snage	snaga	snaga
novu	nov	nov
pored	pored	pored
različite	različit	razlicit
vrijednost	vrijednost	vrijednost
sama	sam	sam
ponekad	ponekad	ponekad
informacija	informacija	informacija
k	k	k
šest	šest	sest
djela	djelo	djelo
igre	igra	igra
postupak	postupak	postupak
broja	broj	broj
model	model	model
tržištu	tržište	trziste
tiče	ticati	ticati
postaje	postajati	postajati
odnosi	odnositi	odnositi
mladih	mlad	mlad
smislu	smisao	smisao
ukupno	ukupno	ukupno
radio	raditi	raditi
zahvaljujući	zahvaljivati	zahvaljivati
ruke	ruka	ruka
kojom	koji	koji
vlasti	vlast	vlast
voda	voda	voda
obzira	obzir	obzir
previše	mnogo	mnogo
pronaći	pronaći	pronaci
želite	željeti	zeljeti
nalaze	nalaziti	nalaziti
sredstava	sredstvo	sredstvo
potom	potom	potom
iskustva	iskustvo	iskustvo
ostali	ostali	ostali
sklopu	sklop	sklop
pravi	prav	prav
doma	doma	doma
zakon	zakon	zakon
prvog	prvi	prvi
takve	takav	takav
zaista	zaista	zaista
centar	centar	centar
slike	slika	slika
obliku	oblik	oblik
iskustvo	iskustvo	iskustvo
učiniti	učiniti	uciniti
tisuća	tisuća	tisuca
hrane	hrana	hrana
uprave	uprava	uprava
pitanju	pitanje	pitanje
ljubavi	ljubav	ljubav
priliku	prilika	prilika
zemlji	zemlja	zemlja
nemaju	nemati	nemati
igra	igrati	igrati
donosi	donositi	donositi
korištenje	korištenje	koristenje
europske	europski	europski
udruga	udruga	udruga
svakog	svaki	svaki
veze	veza	veza
ovako	ovako	ovako
ispred	ispred	ispred
najmanje	malo	malo
sezone	sezona	sezona
iznad	iznad	iznad
odluke	odluka	odluka
sasvim	sasvim	sasvim
najveći	velik	velik
sadrži	sadržati	sadrzati
odluka	odluka	odluka
mnoge	mnogi	mnogi
h	h	h
prošle	prošli	prosli
pola	pola	pola
tema	tema	tema
tjedna	tjedan	tjedan
jos	još	jos
plan	plan	plan
temelju	temelj	temelj
povijesti	povijest	povijest
ulogu	uloga	uloga
godinama	godina	godina
misli	misliti	misliti
stanju	stanje	stanje
dijela	dio	dio
korisnika	korisnik	korisnik
vidim	vidjeti	vidjeti
podatke	podatak	podatak
rješenje	rješenje	rjesenje
trebala	trebati	trebati
ranije	rano	rano
nekog	neki	neki
kući	kuća	kuca
mm	mm	mm
zagreba	zagreb	zagreb
pravila	pravilo	pravilo
posla	posao	posao
novim	nov	nov
jezika	jezik	jezik
područje	područje	podrucje
stoljeća	stoljeće	stoljece
okviru	okvir	okvir
čine	činiti	ciniti
izvan	izvan	izvan
stalno	stalno	stalno
super	super	super
omogućuje	omogućivati	omogucivati
ugovora	ugovor	ugovor
trebaju	trebati	trebati
jezik	jezik	jezik
mjesec	mjesec	mjesec
centra	centar	centar
početku	početak	pocetak
novac	novac	novac
rješenja	rješenje	rjesenje
čiji	čiji	ciji
dobili	dobiti	dobiti
naših	naš	nas
budu	biti	biti
neku	neki	neki
moram	morati	morati
izvor	izvor	izvor
početka	početak	pocetak
novo	nov	nov
uključuje	uključivati	ukljucivati
početkom	početkom	pocetkom
grupe	grupa	grupa
rh	rh	rh
najčešće	često	cesto
ostalih	ostali	ostali
uvjetima	uvjet	uvjet
uređaja	uređaj	uredaj
moramo	morati	morati
g	g	g
jedini	jedini	jedini
ovi	ovaj	ovaj
znaju	znati	znati
organizacije	organizacija	organizacija
vezi	veza	veza
sud	sud	sud
pomoću	pomoću	pomocu
učenika	učenik	ucenik
stoji	stajati	stajati
površine	površina	povrsina
općine	općina	opcina
metara	metar	metar
redu	red	red
lica	lice	lice
našim	naš	nas
članka	članak	clanak
radova	rad	rad
lijepo	lijepo	lijepo
kazao	kazati	kazati
rast	rast	rast
doba	doba	doba
veliku	velik	velik
njegovu	njegov	njegov
deset	deset	deset
zemalja	zemlja	zemlja
građana	građanin	gradanin
podaci	podatak	podatak
novom	nov	nov
proizvodi	proizvod	proizvod
filma	film	film
vijeća	vijeće	vijece
razliku	razlika	razlika
nedavno	nedavno	nedavno
morate	morati	morati
razlog	razlog	razlog
članovi	član	clan
želim	željeti	zeljeti
bolji	dobar	dobar
bitno	bitan	bitan
naći	naći	naci
daleko	daleko	daleko
pogotovo	pogotovo	pogotovo
vijesti	vijest	vijest
odnose	odnositi	odnositi
pokazuje	pokazivati	pokazivati
iste	isti	isti
crkve	crkva	crkva
autor	autor	autor
točno	točno	tocno
male	mali	mali
čovjeka	čovjek	covjek
obitelj	obitelj	obitelj
materijal	materijal	materijal
dodatno	dodatno	dodatno
njoj	on	on
drugu	drugi	drugi
priče	priča	prica
sadržaj	sadržaj	sadrzaj
živi	živjeti	zivjeti
predsjednika	predsjednik	predsjednik
ideja	ideja	ideja
odnos	odnos	odnos
dao	dati	dati
kvalitete	kvaliteta	kvaliteta
hrvatskom	hrvatski	hrvatski
skoro	skoro	skoro
prodaje	prodaja	prodaja
mjera	mjera	mjera
pruža	pružati	pruzati
oblik	oblik	oblik
našeg	naš	nas
činjenica	činjenica	cinjenica
situacija	situacija	situacija
proizvod	proizvod	proizvod
članak	članak	clanak
svojom	svoj	svoj
organizacija	organizacija	organizacija
auto	auto	auto
politike	politika	politika
strani	strana	strana
istraživanje	istraživanje	istrazivanje
nje	on	on
učenici	učenik	ucenik
proizvodnje	proizvodnja	proizvodnja
ivana	ivan	ivan
sat	sat	sat
zdravlje	zdravlje	zdravlje
vodu	voda	voda
početak	početak	pocetak
smrti	smrt	smrt
mladi	mlad	mlad
vise	mnogo	mnogo
očekuje	očekivati	ocekivati
prostoru	prostor	prostor
temu	tema	tema
došao	doći	doci
upravljanje	upravljanje	upravljanje
hoće	htjeti	htjeti
modela	model	model
ka	k	k
ok	ok	ok
postao	postati	postati
unatoč	unatoč	unatoc
čime	što	sto
znati	znati	znati
zanima	zanimati	zanimati
pogled	pogled	pogled
tjedan	tjedan	tjedan
kluba	klub	klub
ruku	ruka	ruka
korak	korak	korak
svemu	sav	sav
dizajn	dizajn	dizajn
potpunosti	potpunost	potpunost
srca	srce	srce
ministar	ministar	ministar
sastoji	sastojati	sastojati
pregled	pregled	pregled
dolaze	dolaziti	dolaziti
nju	on	on
primjerice	primjerice	primjerice
našem	naš	nas
promjena	promjena	promjena
isključivo	isključivo	iskljucivo
navodi	navoditi	navoditi
možeš	moći	moci
javnosti	javnost	javnost
uskoro	uskoro	uskoro
naši	naš	nas
obzir	obzir	obzir
kakav	kakav	kakav
dobre	dobar	dobar
ministarstva	ministarstvo	ministarstvo
sedam	sedam	sedam
studija	studij	studij
njegovo	njegov	njegov
luka	luka	luka
znamo	znati	znati
ugovor	ugovor	ugovor
dolara	dolar	dolar
veće	velik	velik
mreže	mreža	mreza
razvoju	razvoj	razvoj
nažalost	nažalost	nazalost
ujedno	ujedno	ujedno
različitim	različit	razlicit
načina	način	nacin
slučaj	slučaj	slucaj
članova	član	clan
ostaje	ostajati	ostajati
proizvode	proizvod	proizvod
istina	istina	istina
kažu	kazati	kazati
poslova	posao	posao
slično	slično	slicno
svako	svaki	svaki
osjećaj	osjećaj	osjecaj
nemam	nemati	nemati
velikim	velik	velik
kože	koža	koza
klub	klub	klub
iznosi	iznositi	iznositi
imena	ime	ime
rezultati	rezultat	rezultat
takva	takav	takav
povijest	povijest	povijest
odnosa	odnos	odnos
stanja	stanje	stanje
potrebna	potreban	potreban
ostalo	ostati	ostati
svaku	svaki	svaki
mala	mali	mali
jednoj	jedan	jedan
istovremeno	istovremeno	istovremeno
rezultate	rezultat	rezultat
loše	loš	los
v	v	v
procesa	proces	proces
eto	eto	eto
obrazovanja	obrazovanje	obrazovanje
banke	banka	banka
stan	stan	stan
osobito	osobito	osobito
traži	tražiti	traziti
nekom	neki	neki
ministarstvo	ministarstvo	ministarstvo
suradnji	suradnja	suradnja
roku	rok	rok
tekst	tekst	tekst
vremenu	vrijeme	vrijeme
prilično	prilično	prilicno
istaknuo	istaknuti	istaknuti
kupiti	kupiti	kupiti
dobila	dobiti	dobiti
jel	jel	jel
san	san	san
brojne	brojan	brojan
dom	dom	dom
naroda	narod	narod
počinje	počinjati	pocinjati
negdje	negdje	negdje
nadam	nadati	nadati
snaga	snaga	snaga
novca	novac	novac
svibnja	svibanj	svibanj
došlo	doći	doci
bar	bar	bar
tv	tv	tv
kg	kg	kg
lice	lice	lice
online	online	online
tvrtka	tvrtka	tvrtka
ističe	isticati	isticati
rujna	rujan	rujan
rijeka	rijeka	rijeka
podršku	podrška	podrska
petak	petak	petak
postati	postati	postati
odgovara	odgovarati	odgovarati
lakše	lako	lako
uređaj	uređaj	uredaj
probleme	problem	problem
osnovne	osnovan	osnovan
društvu	društvo	drustvo
grupa	grupa	grupa
očito	očito	ocito
znanosti	znanost	znanost
sadržaja	sadržaj	sadrzaj
unije	unija	unija
budućnosti	budućnost	buducnost
pomaže	pomagati	pomagati
lipnja	lipanj	lipanj
mlade	mlad	mlad
računa	račun	racun
projekata	projekt	projekt
sljedeće	sljedeći	sljedeci
boga	bog	bog
jesu	biti	biti
javne	javan	javan
stranica	stranica	stranica
jučer	jučer	jucer
dali	dati	dati
prednosti	prednost	prednost
ostati	ostati	ostati
zraka	zrak	zrak
opis	opis	opis
more	more	more
osnovu	osnova	osnova
snagu	snaga	snaga
iznimno	iznimno	iznimno
odbora	odbor	odbor
traje	trajati	trajati
stranke	stranka	stranka
onima	onaj	onaj
razdoblju	razdoblje	razdoblje
kojemu	koji	koji
razlika	razlika	razlika
sigurnost	sigurnost	sigurnost
jednako	jednako	jednako
listopada	listopad	listopad
zgrade	zgrada	zgrada
sigurnosti	sigurnost	sigurnost
vama	vi	vi
nekako	nekako	nekako
oba	oba	oba
događa	događati	dogadati
ponovo	ponovo	ponovo
želimo	željeti	zeljeti
kaj	što	sto
srbije	srbija	srbija
ovisno	ovisno	ovisno
sveučilišta	sveučilište	sveuciliste
gradonačelnik	gradonačelnik	gradonacelnik
dođe	doći	doci
sta	što	sto
školi	škola	skola
broju	broj	broj
veoma	veoma	veoma
izbora	izbor	izbor
stranice	stranica	stranica
ulja	ulje	ulje
napisao	napisati	napisati
ostalim	ostali	ostali
djeluje	djelovati	djelovati
priprema	priprema	priprema
žive	živjeti	zivjeti
utakmice	utakmica	utakmica
onoga	onaj	onaj
ovisi	ovisiti	ovisiti
naziv	naziv	naziv
moze	moći	moci
veća	velik	velik
njihovih	njihov	njihov
suda	sud	sud
vjerujem	vjerovati	vjerovati
iznos	iznos	iznos
europe	europa	europa
osobno	osobno	osobno
teme	tema	tema
umjetnosti	umjetnost	umjetnost
van	van	van
prvih	prvi	prvi
odluku	odluka	odluka
radnika	radnik	radnik
drugoj	drugi	drugi
sutra	sutra	sutra
opreme	oprema	oprema
c	c	c
izuzetno	izuzetno	izuzetno
subotu	subota	subota
automobila	automobil	automobil
jeste	biti	biti
razne	razni	razni
velikog	velik	velik
javno	javno	javno
posljednjih	posljednji	posljednji
godišnje	godišnje	godisnje
velikih	velik	velik
prirode	priroda	priroda
zahtjev	zahtjev	zahtjev
tipa	tip	tip
tržišta	tržište	trziste
red	red	red
pjesme	pjesma	pjesma
vidio	vidjeti	vidjeti
otac	otac	otac
srce	srce	srce
počeo	početi	poceti
provodi	provoditi	provoditi
ožujka	ožujak	ozujak
vec	već	vec
djelatnosti	djelatnost	djelatnost
stari	star	star
konačno	konačno	konacno
predmeta	predmet	predmet
ekipa	ekipa	ekipa
lokalne	lokalan	lokalan
našoj	naš	nas
volim	voljeti	voljeti
vratiti	vratiti	vratiti
prijedlog	prijedlog	prijedlog
osam	osam	osam
ići	ići	ici
kome	tko	tko
priču	priča	prica
biljke	biljka	biljka
prosinca	prosinac	prosinac
skupine	skupina	skupina
fotografije	fotografija	fotografija
rijeke	rijeka	rijeka
zemlja	zemlja	zemlja
utjecaj	utjecaj	utjecaj
prvu	prvi	prvi
l	l	l
rat	rat	rat
daju	dati	dati
uspješno	uspješno	uspjesno
njihovo	njihov	njihov
tržište	tržište	trziste
vrijedi	vrijediti	vrijediti
recimo	reći	reci
održavanje	održavanje	odrzavanje
njihovu	njihov	njihov
internet	internet	internet
njihovim	njihov	njihov
travnja	travanj	travanj
pravu	pravo	pravo
zemlju	zemlja	zemlja
održati	održati	odrzati
otpada	otpad	otpad
sobe	soba	soba
oblika	oblik	oblik
njim	on	on
noći	noć	noc
blizini	blizina	blizina
poziv	poziv	poziv
drugima	drugi	drugi
krvi	krv	krv
samog	sam	sam
proizvodnju	proizvodnja	proizvodnja
strana	strana	strana
uvjete	uvjet	uvjet
vaša	vaš	vas
dobi	doba	doba
zajednica	zajednica	zajednica
osigurati	osigurati	osigurati
roditelji	roditelj	roditelj
uzeti	uzeti	uzeti
velik	velik	velik
smije	smjeti	smjeti
znanje	znanje	znanje
dodao	dodati	dodati
potreba	potreba	potreba
tehnologije	tehnologija	tehnologija
odmor	odmor	odmor
cijenu	cijena	cijena
riječima	riječ	rijec
tehnologija	tehnologija	tehnologija
oči	oko	oko
doista	doista	doista
slobodno	slobodno	slobodno
koga	tko	tko
vašeg	vaš	vas
centru	centar	centar
opcija	opcija	opcija
zdravlja	zdravlje	zdravlje
nikako	nikako	nikako
zemljama	zemlja	zemlja
određene	odrediti	odrediti
igrača	igrač	igrac
molim	moliti	moliti
krajem	krajem	krajem
račun	račun	racun
našu	naš	nas
poslove	posao	posao
srpnja	srpanj	srpanj
poziva	pozivati	pozivati
korištenja	korištenje	koristenje
tebe	ti	ti
bas	baš	bas
visoke	visok	visok
europi	europa	europa
općenito	općenito	opcenito
velikom	velik	velik
skupina	skupina	skupina
poslovanja	poslovanje	poslovanje
djelo	djelo	djelo
izvora	izvor	izvor
metoda	metoda	metoda
obrazovanje	obrazovanje	obrazovanje
prodaju	prodaja	prodaja
znak	znak	znak
nosi	nositi	nositi
pritom	pritom	pritom
valjda	valjda	valjda
tokom	tokom	tokom
objavio	objaviti	objaviti
zahtjeva	zahtjev	zahtjev
pre	prezabavan	prezabavan
zanimljivo	zanimljiv	zanimljiv
glas	glas	glas
dogodilo	dogoditi	dogoditi
politika	politika	politika
majka	majka	majka
istom	isti	isti
upravljanja	upravljanje	upravljanje
došli	doći	doci
medija	medij	medij
javnog	javan	javan
stranici	stranica	stranica
pada	padati	padati
direktor	direktor	direktor
plana	plan	plan
kvaliteta	kvaliteta	kvaliteta
ponude	ponuda	ponuda
organizaciji	organizacija	organizacija
povećanje	povećanje	povecanje
jedinica	jedinica	jedinica
takvih	takav	takav
razine	razina	razina
sistema	sistem	sistem
stvaranje	stvaranje	stvaranje
mišljenje	mišljenje	misljenje
narod	narod	narod
mjeri	mjera	mjera
siječnja	siječanj	sijecanj
nesto	nešto	nesto
veličine	veličina	velicina
sliku	slika	slika
interesa	interes	interes
samom	sam	sam
ćeš	htjeti	htjeti
cijele	cijel	cijel
situacije	situacija	situacija
troškova	trošak	trosak
sukladno	sukladno	sukladno
veliko	velik	velik
imaš	imati	imati
tvrdi	tvrditi	tvrditi
nagrade	nagrada	nagrada
naziva	nazivati	nazivati
razdoblje	razdoblje	razdoblje
površina	površina	povrsina
raznih	razni	razni
kakve	kakav	kakav
ulje	ulje	ulje
prednost	prednost	prednost
djeci	dijete	dijete
školu	škola	skola
svrhu	svrha	svrha
rizik	rizik	rizik
događaja	događaj	dogadaj
putu	put	put
redovito	redovito	redovito
crkva	crkva	crkva
znatno	znatno	znatno
fotografija	fotografija	fotografija
razlike	razlika	razlika
znao	znati	znati
voli	voljeti	voljeti
znate	znati	znati
zakonom	zakon	zakon
sobom	sebe	sebe
kategorije	kategorija	kategorija
normalno	normalno	normalno
ista	isti	isti
sustavu	sustav	sustav
stvara	stvarati	stvarati
smatraju	smatrati	smatrati
njegovim	njegov	njegov
kakva	kakav	kakav
rezultata	rezultat	rezultat
ideje	ideja	ideja
staviti	staviti	staviti
izgled	izgled	izgled
isus	isus	isus
prati	pratiti	pratiti
rekli	reći	reci
članica	članica	clanica
budućnost	budućnost	buducnost
pogledu	pogled	pogled
natjecanja	natjecanje	natjecanje
slijedi	slijediti	slijediti
diljem	diljem	diljem
postupka	postupak	postupak
svatko	svatko	svatko
rijeci	rijeka	rijec
građani	građanin	gradanin
htio	htjeti	htjeti
siguran	siguran	siguran
srednje	srednji	srednji
festivala	festival	festival
josip	josip	josip
čija	čiji	ciji
potrebne	potreban	potreban
temperature	temperatura	temperatura
prilika	prilika	prilika
same	sam	sam
plaća	plaća	placa
svoja	svoj	svoj
razinu	razina	razina
ostala	ostati	ostati
sistem	sistem	sistem
niste	biti	biti
odlično	odlično	odlicno
uvjeti	uvjet	uvjet
uspio	uspjeti	uspjeti
ciljem	cilj	cilj
posljedica	posljedica	posljedica
metode	metoda	metoda
postala	postati	postati
pogledajte	pogledati	pogledati
počela	početi	poceti
policija	policija	policija
djeteta	dijete	dijete
festival	festival	festival
velikoj	velik	velik
pokazuju	pokazivati	pokazivati
cijelu	cijel	cijel
jednim	jedan	jedan
foto	fotografija	fotografija
obje	oba	oba
svoga	svoj	svoj
vreme	vrijeme	vrijeme
državne	državni	drzavni
kolovoza	kolovoz	kolovoz
glavna	glavni	glavni
odgovornost	odgovornost	odgovornost
jeziku	jezik	jezik
roditelja	roditelj	roditelj
vidimo	vidjeti	vidjeti
veljače	veljača	veljaca
treći	treći	treci
split	split	split
marko	marko	marko
njezin	njezin	njezin
manji	mali	mali
životinja	životinja	zivotinja
nagrada	nagrada	nagrada
funkcije	funkcija	funkcija
uspjeh	uspjeh	uspjeh
cijevi	cijev	cijev
vašem	vaš	vas
blizu	blizu	blizu
zar	zar	zar
pošto	pošto	posto
bogu	bog	bog
okoliša	okoliš	okolis
bodova	bod	bod
kvalitetu	kvaliteta	kvaliteta
granice	granica	granica
vlast	vlast	vlast
radionice	radionica	radionica
rok	rok	rok
nastaviti	nastaviti	nastaviti
bavi	baviti	baviti
programu	program	program
funkcija	funkcija	funkcija
poznato	poznat	poznat
nekad	nekad	nekad
ulaganja	ulaganje	ulaganje
trebate	trebati	trebati
stavka	stavak	stavak
vezane	vezati	vezati
prijave	prijava	prijava
utakmica	utakmica	utakmica
fakulteta	fakultet	fakultet
hranu	hrana	hrana
stav	stav	stav
susret	susret	susret
sposobnosti	sposobnost	sposobnost
poseban	poseban	poseban
putovanja	putovanje	putovanje
poduzeća	poduzeće	poduzece
izradu	izrada	izrada
pozdrav	pozdrav	pozdrav
pažnju	pažnja	paznja
nastavku	nastavak	nastavak
navodno	navodno	navodno
djelovanja	djelovanje	djelovanje
dijelom	dio	dio
situaciju	situacija	situacija
najboljih	dobar	dobar
predmet	predmet	predmet
tip	tip	tip
popis	popis	popis
analiza	analiza	analiza
smanjenje	smanjenje	smanjenje
zaštita	zaštita	zastita
ponuda	ponuda	ponuda
radovi	rad	rad
nastavlja	nastavljati	nastavljati
dnevno	dnevno	dnevno
raznim	razni	razni
minuti	minuta	minuta
odlučio	odlučiti	odluciti
vina	vino	vino
raste	rasti	rasti
vodom	voda	voda
svjetskog	svjetski	svjetski
ante	ante	ante
vole	voljeti	voljeti
igru	igra	igra
čim	čim	cim
rasta	rast	rast
njegovih	njegov	njegov
postupku	postupak	postupak
prvoj	prvi	prvi
nagradu	nagrada	nagrada
napravio	napraviti	napraviti
di	gdje	gdje
jedinice	jedinica	jedinica
govore	govoriti	govoriti
unaprijed	unaprijed	unaprijed
stranu	strana	strana
čišćenje	čišćenje	ciscenje
mnogim	mnogi	mnogi
poslovnih	poslovan	poslovan
jedina	jedini	jedini
veličina	veličina	velicina
glazbe	glazba	glazba
turizma	turizam	turizam
akcije	akcija	akcija
nedjelju	nedjelja	nedjelja
prethodno	prethodno	prethodno
relativno	relativno	relativno
kuću	kuća	kuca
treće	treći	treci
knjigu	knjiga	knjiga
pomalo	pomalo	pomalo
ostao	ostati	ostati
marija	marija	marija
idu	ići	ici
slučajevima	slučaj	slucaj
skupa	skupa	skupa
predstavljaju	predstavljati	predstavljati
odličan	odličan	odlican
županija	županija	zupanija
savršeno	savršeno	savrseno
agencija	agencija	agencija
projektu	projekt	projekt
hrvatskim	hrvatski	hrvatski
važna	važan	vazan
nazivom	naziv	naziv
nastavak	nastavak	nastavak
drži	držati	drzati
stare	star	star
dovesti	dovesti	dovesti
tvari	tvar	tvar
nemojte	moći	moci
pol	pola	pola
ak	ako	ako
poznati	poznat	poznat
poznat	poznat	poznat
mreža	mreža	mreza
sin	sin	sin
čeka	čekati	cekati
njegovom	njegov	njegov
održava	održavati	odrzavati
autora	autor	autor
karakteristike	karakteristika	karakteristika
ujutro	ujutro	ujutro
promijeniti	promijeniti	promijeniti
zadatak	zadatak	zadatak
podacima	podatak	podatak
radnog	radni	radni
ploče	ploča	ploca
četvrtak	četvrtak	cetvrtak
čije	čiji	ciji
dodatne	dodatan	dodatan
prijatelja	prijatelj	prijatelj
svakodnevno	svakodnevno	svakodnevno
promet	promet	promet
splitu	split	split
zgrada	zgrada	zgrada
poslovne	poslovan	poslovan
list	list	list
radom	rad	rad
aplikacije	aplikacija	aplikacija
prijava	prijava	prijava
gde	gde	gde
vlasnik	vlasnik	vlasnik
izjavio	izjaviti	izjaviti
kojega	koji	koji
izravno	izravno	izravno
iznosu	iznos	iznos
službe	služba	sluzba
osobama	osoba	osoba
morao	morati	morati
dobru	dobar	dobar
političke	politički	politicki
položaj	položaj	polozaj
veću	velik	velik
rukama	ruka	ruka
javnih	javan	javan
igrati	igrati	igrati
morati	morati	morati
ponedjeljak	ponedjeljak	ponedjeljak
značajno	značajno	znacajno
srbiji	srbija	srbija
aplikacija	aplikacija	aplikacija
strah	strah	strah
album	album	album
tvrtki	tvrtka	tvrtka
lik	lik	lik
planu	plan	plan
živjeti	živjeti	zivjeti
rizika	rizik	rizik
bolest	bolest	bolest
radionica	radionica	radionica
zaštiti	zaštita	zastita
traže	tražiti	traziti
institucija	institucija	institucija
općina	općina	opcina
posljednje	posljednji	posljednji
kontakt	kontakt	kontakt
lista	lista	lista
riješiti	riješiti	rijesiti
odabrati	odabrati	odabrati
cijeni	cijena	cijena
poruka	poruka	poruka
omogućiti	omogućiti	omoguciti
vremenom	vrijeme	vrijeme
onako	onako	onako
povodom	povodom	povodom
situaciji	situacija	situacija
naslov	naslov	naslov
glavu	glava	glava
važan	važan	vazan
kontrolu	kontrola	kontrola
drago	drago	drago
status	status	status
problemi	problem	problem
njegovog	njegov	njegov
pokazati	pokazati	pokazati
akcija	akcija	akcija
onog	onaj	onaj
stanovnika	stanovnik	stanovnik
društvene	društven	drustven
takvim	takav	takav
uloga	uloga	uloga
dosad	dosad	dosad
područjima	područje	podrucje
prometa	promet	promet
njezina	njezin	njezin
koncert	koncert	koncert
pogubiše	pogubiti	pogubiti
polisma	polism	polism
tribeci	tribeka	tribeka
kefirni	kefirni	kefirni
uvratini	uvratina	uvratina
pekpapirom	pekpapir	pekpapir
trgovale	trgovati	trgovati
psihoze	psihoza	psihoza
godila	goditi	goditi
ruralnost	ruralnost	ruralnost
simbina	simbina	simbina
ukomponirati	ukomponirati	ukomponirati
rtvfbih	rtvfbih	rtvfbih
electropop	electropop	electropop
odvidana	odvidati	odvidati
coders	coders	coders
jelavićevog	jelavićev	jelavicev
haschek	haschek	haschek
toplota	toplota	toplota
konstruktorski	konstruktorski	konstruktorski
bhagata	bhagat	bhagat
poluindustrijske	poluindustrijski	poluindustrijski
demina	demin	demin
omiška	omiški	omiski
jemek	jemek	jemek
kreger	kreger	kreger
jajala	jajalo	jajalo
izbečila	izbečiti	izbeciti
rusanovu	rusanov	rusanov
štief	štief	stief
školjkastog	školjkast	skoljkast
promenjljivom	promenjiv	promenjiv
shipovi	ship	ship
voldin	voldin	voldin
kukuruzno	kukuruzni	kukuruzni
faktrori	faktror	faktror
karavel	karavel	karavel
portona	porton	porton
stražareći	stražariti	strazariti
načenik	načenik	nacenik
teramo	teramo	teramo
hildi	hild	hild
naručivale	naručivati	narucivati
insecticide	insecticid	insecticid
sjajnosti	sjajnost	sjajnost
okuženja	okuženje	okuzenje
voziv	voziv	voziv
jorgovana	jorgovan	jorgovan
nadotati	nadotati	nadotati
prenosnikom	prenosnik	prenosnik
vipovoj	vipov	vipov
namreška	namreškati	namreskati
rakuna	rakun	rakun
zheljama	zhelja	zhelja
manjgure	manjgura	manjgura
strmi	strm	strm
institucijalnom	institucijalan	institucijalan
pokazivane	pokazivati	pokazivati
vaspitavani	vaspitavati	vaspitavati
eskiviranjem	eskiviranje	eskiviranje
retinoblastoma	retinoblastom	retinoblastom
sullyo	sullyo	sullyo
preinačenom	preinačiti	preinaciti
pokorne	pokoran	pokoran
zalječivanja	zalječivanje	zaljecivanje
nokautiralo	nokautirati	nokautirati
povrže	povrže	povrze
bakunića	bakunić	bakunic
taskbar	taskbar	taskbar
novakinjom	novakinja	novakinja
žertuš	žertuš	zertus
štetočinama	štetočina	stetocina
uobidajeni	uobidaviti	uobidaviti
piangi	piang	piang
nefili	nefili	nefili
skorpikova	skorpikov	skorpikov
larkovo	larkov	larkov
xhl	xhl	xhl
zaturenih	zaturiti	zaturiti
kringsalm	kringsalm	kringsalm
draganovićem	draganović	draganovic
poluuncijalom	poluuncijala	poluuncijala
najtežima	težak	tezak
fourche	fourche	fourche
višijevskoj	višijevski	visijevski
zapisanje	zapisanje	zapisanje
kontras	kontras	kontras
zanostima	zanost	zanost
talian	talian	talian
gradjin	građin	gradin
tshabalala	tshabati	tshabati
baskerville	baskerville	baskerville
zapetljale	zapetljati	zapetljati
reakciie	reakciia	reakciia
krastaca	krastac	krastaca
armora	armor	armor
dokumantarac	dokumantarac	dokumantarac
blumel	blumel	blumel
saliba	saliba	saliba
škugorovim	škugorov	skugorov
rastavići	rastavić	rastavic
promjenja	promjenja	promjenja
destimulaciju	destimulacija	destimulacija
zagrizeni	zagristi	zagrizen
kljaci	kljaci	kljaci
assoc	assoc	assoc
spojenu	spojiti	spojiti
cipika	cipik	cipik
vagale	vagati	vagati
mahayuga	mahayug	mahayug
uvjereni	uvjeriti	uvjeriti
zagrijavat	zagrijavati	zagrijavati
zaosto	zaosto	zaosto
notala	notala	notala
protuiona	protuion	protuion
zakablove	zakablov	zakablov
kitcatt	kitcatt	kitcatt
termopan	termopan	termopan
prasnjavih	prašnjav	prasnjav
watti	watti	watti
kolegenice	kolegenica	kolegenica
sjedeći	sjediti	sjediti
zestino	zestino	zestino
kuhunja	kuhunja	kuhunja
kneziću	knezić	knezic
otpoinjanja	otpoinjanje	otpoinjanje
ilko	ilko	ilko
sardroodiju	sardroodioda	sardroodioda
missdemeanor	missdemeanor	missdemeanor
sofronije	sofronije	sofronije
iaki	iaki	iaki
žiroskopskim	žiroskopski	ziroskopski
ahejce	ahejce	ahejce
grahamovo	grahamov	grahamov
fudball	fudball	fudball
igračaka	igračka	igracka
instancu	instanca	instanca
svezav	svezav	svezav
pcbima	pab	pab
jatumentijane	jatumentijane	jatumentijane
predumišljajima	predumišljaj	predumisljaj
unapređivanja	unapređivanje	unapredivanje
tvrdinić	tvrdinić	tvrdinic
neoljuštenih	neoljušten	neoljusten
gučanima	gučan	gucan
goropadnije	goropadno	goropadno
naslusam	naslušati	naslusati
prekrim	prekriti	prekriti
glacisa	glačis	glacis
bendisa	bendis	bendis
dvostrešni	dvostrešni	dvostresni
citoskeletom	citoskelet	citoskelet
prebaciti	prebaciti	prebaciti
bezvredno	bezvredan	bezvredan
rabijatno	rabijatno	rabijatno
poseče	posekati	posekati
osredki	osredka	osredka
isaa	isaa	isaa
borkar	borkar	borkar
isina	isina	isina
utvrappleivanje	utvrappleivanje	utvrappleivanje
nautickom	nautički	nauticki
kalabrićev	kalabrićev	kalabricev
maloletnikog	maloletnik	maloletnik
teritorijalcima	teritorijalac	teritorijalac
proleterijat	proleterijati	proleterijati
povezanom	povezati	povezati
vedinskog	vedinski	vedinski
lightninga	lightning	lightning
biologika	biologika	biologika
ihzbog	ihzbog	ihzbog
ukucat	ukucati	ukucati
zaključakzaključak	zaključakzaključak	zakljucakzakljucak
axlova	aklov	aklov
tranzicionih	tranzicioni	tranzicioni
označivale	označivati	oznacivati
krmenih	krmeni	krmeni
arktiku	arktik	arktik
kroatist	kroatist	kroatist
artrografija	artrografija	artrografija
oficijima	ofici	ofici
verbindlich	verbindlich	verbindlich
vojvodni	vojvodna	vojvodna
osmobitne	osmobitan	osmobitan
starodavni	starodavan	starodavan
prenosnici	prenosnik	prenosnik
berghaina	berghain	berghain
šijalo	šijati	sijati
provozni	provozan	provozan
kimiji	kimija	kimija
antilopu	antilopa	antilopa
svesne	svestan	svestan
ciottinu	ciottina	ciottina
kadaju	kadaja	kadaja
osemeni	osemen	osemen
dogmatičkih	dogmatički	dogmaticki
prizrak	prizrak	prizrak
idiomi	idiom	idiom
uizvještajnom	uizvještajan	uizvjestajan
alpininim	alpinin	alpinin
tubingena	tubingen	tubingen
popularaniji	popularan	popularan
razgoarati	razgoarati	razgoarati
instatni	instatni	instatni
prezadovoljnog	prezadovoljan	prezadovoljan
posećenošću	posećenost	posecenost
istrošene	istrošiti	istrositi
pronevjerena	pronevjeriti	pronevjeriti
pontonskog	pontonski	pontonski
razigrate	razigrati	razigrati
fieschi	fieschi	fieschi
paisley	paisley	paisley
isisanim	isisati	isisati
jentzsch	jentzsch	jentzsch
potpalubljima	potpalublje	potpalublje
pesnikinjom	pesnikinja	pesnikinja
prodajan	prodajan	prodajan
manevrirajuci	manevrirati	manevrirati
drepanosaura	drepanosaur	drepanosaur
lojnog	lojan	lojan
elongate	elongata	elongata
peropero	peropero	peropero
stijenjom	stijenje	stijenje
savove	sav	sav
izino	izin	izin
kissingenu	kissingen	kissingen
mlevenom	mleven	mleven
tufekci	tufekca	tufekca
baštijunski	baštijunski	bastijunski
amadira	amadir	amadir
snimala	snimati	snimati
cvječarka	cvječarka	cvjecarka
basileusi	basileuš	basileus
svjedoenje	svjedoenje	svjedoenje
frazom	fraza	fraza
međusobnu	međusoban	medusoban
samoizrada	samoizrada	samoizrada
samozadovoljavas	samozadovoljavati	samozadovoljavati
heinrichom	heinrich	heinrich
prevozničke	prevoznički	prevoznicki
tresnuli	tresnuti	tresnuti
prstenastim	prstenast	prstenast
streetwork	streetwork	streetwork
mauriću	maurić	mauric
pune	pun	pun
cjelivaj	cjelivati	cjelivati
robadja	robađ	robad
dainippon	dainippon	dainippon
sapinjanje	sapinjanje	sapinjanje
randomiziran	randomizirati	randomizirati
najnezahtjevnije	vezahtjevan	vezahtjevan
očuhove	očuhov	ocuhov
jenaredbu	jenaredba	jenaredba
prošti	proći	prost
emelec	emelec	emelec
racionalizovali	racionalizovati	racionalizovati
nikonima	nikoni	nikoni
zvukovnom	zvukovni	zvukovni
woolieja	woolie	woolie
volumizaciju	volumizacija	volumizacija
epigenetikom	epigenetika	epigenetika
bidane	bidan	bidan
kašće	kašća	kasca
devetogodišnjakinja	devetogodišnjakinja	devetogodisnjakinja
tolaja	tolajo	tolajo
južnjačka	južnjački	juznjacki
edior	edior	edior
realističnima	realističan	realistican
gstrein	gstrein	gstrein
vaaaau	vaha	vaha
daske	daska	daska
matzu	matz	matz
poistovećenja	poistovećenje	poistovecenje
agrikulture	agrikultura	agrikultura
shamaqdari	shamaqdari	shamaqdari
peljarski	peljarski	peljarski
necentralnih	necentralan	necentralan
mackenzi	mackenzi	mackenzi
skriptirane	skriptirati	skriptirati
tetronic	tetronic	tetronic
otvrenog	otvren	otvren
tražiio	tražiti	traziti
oblano	oblano	oblano
ginops	ginops	ginops
aktualnošću	aktualnost	aktualnost
uklanjanem	uklanjati	uklanjati
opštekulturnom	opštekulturan	opstekulturan
namašćenim	namastiti	namastiti
tiplice	tiplica	tiplica
habjanovci	habjanovac	habjanovac
coachingtm	coachingtm	coachingtm
idanas	idanas	idanas
mobyu	moby	moby
mošava	mošava	mosava
deljen	deljeti	deljeti
guardiolinim	guardiolin	guardiolin
paćam	paćati	pacati
londone	london	london
biloobjavljeno	biloobjaviti	biloobjaviti
drevnom	drevan	drevan
devedesetodnevno	devedesetodnevni	devedesetodnevni
postmaster	postmaster	postmaster
smučiti	smučiti	smuciti
metafikcijske	metafikcijski	metafikcijski
alijasa	alijas	alijas
kiwanis	kiwanis	kiwanis
prijeduzeaslubeni	prijeduzeasluben	prijeduzeasluben
kaocjelini	kaocjelina	kaocjelina
lilićem	lilić	lilic
burlando	burlando	burlando
lanjskoga	lanjski	lanjski
hammed	hammed	hammed
šljokičastih	šljokičast	sljokicast
uzakonu	uzakona	uzakona
liseca	lisec	lisec
pravanaroda	pravanarod	pravanarod
celebrirati	celebrirati	celebrirati
hiltovo	hiltov	hiltov
vojnopomorskoga	vojnopomorski	vojnopomorski
žiratori	žirator	zirator
napojna	napojan	napojan
khachapurija	khachapurija	khachapurija
unazauje	unazavati	unazavati
vladisrbije	vladisrbija	vladisrbija
usliku	uslika	uslika
kukavelj	kukavelj	kukavelj
neoročeni	neoročen	neorocen
kanoni	kanon	kanon
fortografija	fortografija	fortografija
lochnera	lochner	lochner
istuširan	istuširati	istusirati
demarkaciju	demarkacija	demarkacija
nespavačima	nespavač	nespavac
komunicira	komunicirati	komunicirati
bajkovca	bajkovac	bajkovac
amadria	amadria	amadria
otkiju	otkiti	otkiti
raspustivši	raspustiti	raspustiti
elektromagicu	elektromagić	elektromagic
jasličnim	jaslični	jaslicni
nastavljene	nastaviti	nastaviti
harryjevom	harryjev	harryjev
sofijanić	sofijanić	sofijanic
kozyrkov	kozyrkov	kozyrkov
prohoditi	prohoditi	prohoditi
haklits	haklits	haklits
tehnologičnosti	tehnologičnost	tehnologicnost
zvonast	zvonast	zvonast
kotarbinski	kotarbinski	kotarbinski
frakinga	fraking	fraking
gadniji	gadan	gadan
kloforilna	kloforilan	kloforilan
gatesovih	gatesov	gatesov
roketice	roketica	roketica
izmamim	izmamiti	izmamiti
isada	isada	isada
lsaa	ls	ls
talma	talma	talma
caccone	caccone	caccone
gradonačelnikovoj	gradonačelnikov	gradonacelnikov
gowan	gowan	gowan
evilucija	evilucija	evilucija
natashu	natasha	natasha
franchignasi	franchignasi	franchignasi
prosjekom	prosjek	prosjek
elektronke	elektronka	elektronka
kollenz	kollenz	kollenz
praizvodio	praizvoditi	praizvoditi
suzhoua	suzhou	suzhou
nolinoj	nolin	nolin
zaprzio	zapržiti	zaprziti
seljačkog	seljački	seljacki
pobudiće	pobudić	pobudic
pratitti	pratitti	pratitti
akupresurni	akupresuran	akupresuran
logopedna	logopedni	logopedni
sijajnih	sijajan	sijajan
tičarjev	tičarjev	ticarjev
spaju	spaja	spaja
katrige	katriga	katriga
mnošto	mnošto	mnosto
litificiran	litificirati	litificirati
osthausa	osthaus	osthaus
konvoj	konvoj	konvoj
uformi	uform	uform
bakterioze	bakterioza	bakterioza
najuzvišenijeg	uzvišen	uzvisen
zakržljat	zakržljati	zakrzljati
željkom	željko	zeljko
porođajne	porođajni	porodajni
rescorla	rescorla	rescorla
menkaura	menkaur	menkaur
castellijevi	castellijev	castellijev
bezpapirno	bezpapiran	bezpapiran
tuđini	tuđina	tudina
posatu	posat	posat
nachtmystium	nachtmystium	nachtmystium
glenys	glenys	glenys
stlačivanjem	stlačivanje	stlacivanje
silenx	silenx	silenx
najdominantnijim	dominantan	dominantan
nehormonska	nehormonski	nehormonski
ziggurat	ziggurat	ziggurat
škobalju	škobalj	skobalj
sagradeno	sagrasti	sagraditi
mikroregionalnoj	mikroregionalan	mikroregionalan
sapunasta	sapunast	sapunast
hojsak	hojsak	hojsak
grundig	grundig	grundig
izlaznevode	izlaznevoda	izlaznevoda
krokanti	krokant	krokant
malatinski	malatinski	malatinski
lesbo	lesbo	lesbo
pandeva	pandev	pandev
uniblade	uniblade	uniblade
kolhidskoga	kolhidski	kolhidski
bultmann	bultmann	bultmann
poklisarima	poklisar	poklisar
virtuelnim	virtuelni	virtuelni
opinskih	opinski	opinski
dodleku	dodlek	dodlek
odmaterijala	odmaterijati	odmaterijati
rasklapaj	rasklapati	rasklapati
domicili	domicil	domicil
ciljno	ciljati	ciljati
vestfold	vestfold	vestfold
pruiti	pruiti	pruiti
destruktora	destruktor	destruktor
spremao	spremati	spremati
anđelina	anđelina	andelina
sergeji	sergeja	sergeja
kickera	kicker	kicker
osmerokrevetni	osmerokrevetni	osmerokrevetni
minionsa	minions	minions
zokijevoj	zokijev	zokijev
myricae	myricae	myricae
bangalor	bangalor	bangalor
predvide	predvidjeti	predvidjeti
ljepljivog	ljepljiv	ljepljiv
caeleb	caeleb	caeleb
absom	abs	abs
davorzg	davorzg	davorzg
wobbulatora	wobbulator	wobbulator
vještvu	vještvo	vjestvo
realisa	realis	realis
peretića	peretić	peretic
pećnice	pećnica	pecnica
žabar	žabar	zabar
turistčkoj	turistčki	turistcki
pleića	pleić	pleic
izravnjavanja	izravnjavanje	izravnjavanje
đr	đr	dr
provinca	provinca	provinca
zagledanje	zagledanje	zagledanje
bjeličaste	bjeličast	bjelicast
harryia	harryia	harryia
ličilačka	ličilački	licilacki
šćernim	šćerni	scerni
uvecati	uvećati	uvecati
mucronatum	mucronatum	mucronatum
tićino	tićino	ticino
estvo	estvo	estvo
sportiva	sportiva	sportiva
borčane	borčane	borcane
nerevidirani	nerevidiran	nerevidiran
socialiste	socialist	socialist
zavšnog	zavin	zavin
zlatniku	zlatnik	zlatnik
veselićem	veselić	veselic
zvijezdani	zvijezdana	zvijezdana
bombekov	bombekov	bombekov
pakovraće	pakovraće	pakovrace
materijalnopravna	materijalnopravan	materijalnopravan
superpunjačem	superpunjač	superpunjac
jelatnosti	jelatnost	jelatnost
dalmatien	dalmatien	dalmatien
vikahu	vikati	vikati
popratih	popratiti	popratiti
mcdonaldsovim	mcdonaldsov	mcdonaldsov
posthumane	posthumati	posthumati
čeonim	čeon	ceon
eurzoni	eurzona	eurzona
najei	najei	najei
dubuffet	dubuffet	dubuffet
kibersvijeta	kibersvijet	kibersvijet
dopu	dopa	dopa
godijeva	godijev	godijev
nepostiže	nepostizati	nepostizati
orelaninski	orelaninski	orelaninski
tauu	tau	tau
oporabljenom	oporabiti	oporabiti
glicku	glick	glick
kajfes	kajfes	kajfes
ferdin	ferdin	ferdin
izadnju	izadnji	izadnji
verzalnog	verzalan	verzalan
omalovažvanja	omalovažvanje	omalovazvanje
nespokojnim	nespokojan	nespokojan
khairuddin	khairuddin	khairuddin
prevagnulo	prevagnuti	prevagnuti
chemica	chemica	chemica
herouard	herouard	herouard
bifo	bifo	bifo
svakoje	svakoji	svakoji
uskopqu	uskopak	uskopak
zatočenog	zatočiti	zatociti
oceujem	očeovati	oceovati
transferima	transfer	transfer
uspokojene	uspokoiti	uspokoiti
zakrpani	zakrpati	zakrpati
varginha	varginha	varginha
sedimentologije	sedimentologija	sedimentologija
supotpisala	supotpisati	supotpisati
salterom	salter	salter
senatvisoko	senatvisoko	senatvisoko
nastojanj	nastojanj	nastojanj
ričarde	ričard	ricard
stavnim	stavan	stavan
alechinsky	alechinsky	alechinsky
drewex	drewex	drewex
kroskulturalna	kroskulturalan	kroskulturalan
latininom	latinin	latinin
novigrađan	novigrađan	novigradan
skuobu	skuob	skuob
zidovima	zid	zid
patničkom	patnički	patnicki
teleologija	teleologija	teleologija
kadace	kadac	kadati
jedvite	jedvit	jedvit
zoroasterovce	zoroasterovce	zoroasterovce
pretprošloj	pretprošli	pretprosli
samoizdat	samoizdati	samoizdati
plivalištu	plivalište	plivaliste
šorši	šorša	sorsa
episcopale	episcopati	episcopati
sugeriravši	sugerirati	sugerirati
rizatriptan	rizatriptan	rizatriptan
kulisama	kulisa	kulisa
blekić	blekić	blekic
halačeka	halaček	halacek
putnoj	putni	putni
vozikat	vozikati	vozikati
samstvo	samstvo	samstvo
guščja	guščji	guscji
alinije	alinije	alinije
bidonom	bidon	bidon
ilimanje	ilimanje	ilimanje
okaljanom	okaljati	okaljati
inovirajte	inovirati	inovirati
dokazivali	dokazivati	dokazivati
tangle	tangle	tangle
hiperstimulaciji	hiperstimulacija	hiperstimulacija
višedijelna	višedijelan	visedijelan
žigovečki	žigovečki	zigovecki
bayreuthskim	bayreuthski	bayreuthski
averi	aver	aver
semikvantitativno	semikvantitativan	semikvantitativan
ovlasteni	ovlastiti	ovlastiti
činjenja	činjenje	cinjenje
fotoelastično	fotoelastičan	fotoelastican
tehnnologija	tehnnologija	tehnnologija
zgorela	zgorelati	zgorelati
prvorazrednom	prvorazredan	prvorazredan
pearse	pearse	pearse
mišićnokoštanih	mišićnokoštan	misicnokostan
superchunk	superchunk	superchunk
pitajućim	pitajući	pitajuci
jampa	jampa	jampa
porodiljno	porodiljno	porodiljno
šarenooo	šarenooo	sarenooo
kaudalnu	kaudalan	kaudalan
radnihzadataka	radnihzadatak	radnihzadatak
otvarajne	otvarajni	otvarajni
linkoepingu	linkoeping	linkoeping
daane	daan	daan
ravelu	ravel	ravel
postepeo	postepeti	postepeti
kataklizmične	kataklizmičan	kataklizmican
ujahati	ujahati	ujahati
etnogram	etnogram	etnogram
scoriu	scoria	scoria
raspredat	raspredati	raspredati
mirenića	mirenić	mirenic
frankye	frankye	frankye
sarok	sarok	sarok
opolzerskoj	opolzerski	opolzerski
redije	redija	redije
balenciaginog	balenciagin	balenciagin
svagdašnjeg	svagdašnji	svagdasnji
pretukao	pretući	pretuci
eugenics	eugenics	eugenics
nazivprvostupnik	nazivprvostupnik	nazivprvostupnik
abrom	abra	abra
putomjeru	putomjer	putomjer
hmeljastim	hmeljast	hmeljast
specijalnome	specijalan	specijalan
izgoreno	izgoriti	izgoriti
razbarušite	razbarušiti	razbarusiti
trpanju	trpanje	trpanje
kalasnjikove	kalašnjik	kalasnjikov
neupuienih	neupuien	neupuien
visokotonskom	visokotonski	visokotonski
koloriranju	koloriranje	koloriranje
prakseologija	prakseologija	prakseologija
zahtjeval	zahtjevati	zahtjevati
mjsetu	mjset	mjset
posadi	posaditi	posaditi
opsjenarstva	opsjenarstvo	opsjenarstvo
plahu	plah	plah
iskorienosti	iskorienost	iskorienost
slovenacko	slovenački	slovenacki
jenjutn	jenjutn	jenjutn
oksonijeve	oksonijev	oksonijev
uorganizacionim	uorganizacion	uorganizacion
lincina	lincina	lincina
qianwen	qianwen	qianwen
opraštanje	opraštanje	oprastanje
ometaš	ometati	ometati
implantiranom	implantirati	implantirati
cavenago	cavenago	cavenago
kemaliye	kemaliye	kemaliye
extratone	ektraton	ektraton
antiši	antiša	antisa
obalnome	obalni	obalni
faraonovih	faraonov	faraonov
zapovijedništva	zapovijedništvo	zapovijednistvo
chazon	chazon	chazon
odličio	odličiti	odliciti
neselektivnu	neselektivan	neselektivan
bazaltu	bazalt	bazalt
zohorna	zohorna	zohorna
karađorđevićevske	karađorđevićevski	karadordevicevski
trapijom	trapija	trapija
pristinu	pristina	pristina
potroš	potroš	potros
flambiraju	flambirati	flambirati
binding	binding	binding
orgazama	orgazam	orgazam
čuveljak	čuveljak	cuveljak
vojišnica	vojišnica	vojisnica
orjentie	orjentiti	orjentiti
koledža	koledž	koledz
voditeljskog	voditeljski	voditeljski
katedralnoj	katedralni	katedralni
vanculeta	vanculet	vanculet
švedu	šved	svesti
mnoe	množiti	mnoziti
dogorjeli	dogorjeti	dogorjeti
samostalac	samostalac	samostalac
najdragocijenijih	dragocijen	dragocijen
neusatz	neusatz	neusatz
odjedanput	odjedanput	odjedanput
razbacas	razbacati	razbacati
pepovu	pepov	pepov
antivakcerski	antivakcerski	antivakcerski
cidadania	cidadania	cidadania
nakopati	nakopati	nakopati
iskrivljenih	iskriviti	iskriviti
bioprognozu	bioprognoza	bioprognoza
posećenost	posećenost	posecenost
oldenburg	oldenburg	oldenburg
dodvorio	dodvoriti	dodvoriti
siif	siif	siif
ritmiziranog	ritmizirati	ritmizirati
nežiderski	nežiderski	neziderski
decibele	decibel	decibel
trudnicke	trudnički	trudnicki
urbanističkih	urbanistički	urbanisticki
visokoselektivna	visokoselektivan	visokoselektivan
lanči	lanči	lanac
mishap	mishap	mishap
amarokom	amarok	amarok
pryor	pryor	pryor
izjasnilo	izjasniti	izjasniti
trinajstić	trinajstić	trinajstic
divša	divša	divsa
sickles	sickles	sickles
felvera	felver	felver
kameliji	kamelija	kamelija
zlatog	zlat	zlat
franzete	franzeta	franzeta
brammertzom	brammertz	brammertz
tinje	tinja	tinja
kiflici	kiflica	kiflic
hripavi	hripav	hripav
marimer	marimer	marimer
kowalsku	kowalska	kowalska
iteqima	itek	itek
robotizira	robotizirati	robotizirati
filovirusima	filovirus	filovirus
speedcorea	speedcore	speedcore
pramenko	pramenka	pramenka
okidne	okidan	okidan
neizbrisivim	neizbrisiv	neizbrisiv
dopuštenih	dopustiti	dopustiti
sidartha	sidartha	sidartha
elektricne	električan	elektrican
nazahtjevnijim	nazahtjevan	nazahtjevan
startapove	startap	startap
granatni	granatan	granatan
libidinalna	libidinalan	libidinalan
terschelling	terschelling	terschelling
topoveava	topoveav	topoveav
brutalnoga	brutalan	brutalan
neuroslika	neuroslika	neuroslika
cabrita	cabrita	cabrita
amerikaniziranja	amerikaniziranje	amerikaniziranje
saradnjisa	saradnjis	saradnjis
bliku	blik	blik
gemalta	gemalto	gemalto
povisile	povisiti	povisiti
osuđivana	osuđivati	osudivati
vražije	vražija	vrazija
šikom	šika	sika
bed	bed	bed
labuan	labuan	labuan
midiken	midiken	midiken
jugosalvije	jugosalvija	jugosalvija
teodorovcu	teodorovc	teodorovc
vinblastin	vinblastin	vinblastin
limexom	limex	limex
notoriousom	notorious	notorious
radiofonične	radiofoničan	radiofonican
lisičaka	lisičak	lisicak
kolevska	kolevska	kolevska
vitlale	vitlati	vitlati
mustahfizima	mustahfiz	mustahfiz
nacelo	načelo	nacelo
nihility	nihility	nihility
ziska	ziska	zizak
najpokretljiviji	pokretljiv	pokretljiv
groomere	groomer	groomer
zavarila	zavariti	zavariti
kmentara	kmentar	kmentar
vianu	vian	vian
orchi	orchi	orchi
sinjstva	sinjstvo	sinjstvo
kojimse	koji	koji
organsku	organski	organski
drmati	drmati	drmati
novorođena	novorođen	novoroden
kadijevićevom	kadijevićev	kadijevicev
marienfeld	marienfeld	marienfeld
merkat	merkat	merkat
neovjerena	neovjeren	neovjeren
čikos	čikos	cikos
vajferta	vajfert	vajfert
menheten	menheten	menheten
ojkanje	ojkanje	ojkanje
euronova	euronov	euronov
skeksis	skeksiti	skeksiti
zaradena	zarasti	zaraditi
srocio	sročiti	srociti
gnostikog	gnostik	gnostik
proigravala	proigravati	proigravati
williana	willian	willian
upoznatosti	upoznatost	upoznatost
kentaurskim	kentaurski	kentaurski
docirat	docirati	docirati
najuzavrelijih	užavrel	uzavrel
zgusnuo	zgusnuti	zgusnuti
vinegor	vinegor	vinegor
predodredjene	predodrediti	predodrediti
sprachphilosophie	sprachphilosophie	sprachphilosophie
klaunovska	klaunovski	klaunovski
cuomoa	cuomoo	cuomoo
obavežemo	obavezati	obavezati
ahmeta	ahmet	ahmet
popunilo	popuniti	popuniti
partibrejkersima	partibrejkers	partibrejkers
diferencijciji	diferencijcija	diferencijcija
rotel	rotel	rotel
poboljšavan	poboljšavati	poboljsavati
srednjevrednosti	srednjevrednost	srednjevrednost
handmaiden	handmaiden	handmaiden
pobediocu	pobediok	pobediok
edjivanje	edjivanje	edjivanje
dobrodušnih	dobrodušan	dobrodusan
opancim	opanak	opanak
bozanićevi	bozanićev	bozanicev
nadbiskupijskomu	nadbiskupijski	nadbiskupijski
elvedinu	elvedin	elvedin
aquafabi	aquafaba	aquafaba
redizajniranih	redizajnirati	redizajnirati
ugrozivši	ugroziti	ugroziti
tokuzime	tokuz	tokuz
stotinudeset	stotinudeset	stotinudeset
međuprostorom	međuprostor	meduprostor
oijeku	oijek	oijek
srba	srbin	srbin
triterpenoidi	triterpenoid	triterpenoid
nedijagnosticiranom	nedijagnosticiran	nedijagnosticiran
fustracije	fustracija	fustracija
zraei	zrati	zrati
hbkud	hbkud	hbkud
zašilje	zašiljiti	zasiljiti
gongovci	gongovac	gongovac
resetirat	resetirati	resetirati
hambel	hambel	hambel
kronografskih	kronografski	kronografski
benkek	benkek	benkek
mercuryjev	mercuryjev	mercuryjev
izvšavanja	izvšavanje	izvsavanje
ukočenja	ukočenje	ukocenje
medikamen	medikamen	medikamen
zilles	zilles	zilles
demoralizacije	demoralizacija	demoralizacija
fankijada	fankijada	fankijada
virchow	virchow	virchow
uslovu	uslov	uslov
barcin	barcin	barcin
nesagledavanje	nesagledavanje	nesagledavanje
deratizacijskim	deratizacijski	deratizacijski
sabela	sabel	sabel
uprisutnjena	uprisutniti	uprisutniti
neovisnika	neovisnik	neovisnik
zasedajući	zasedati	zasedati
gutajuči	gutajući	gutati
dužobalni	dužobalni	duzobalni
modrićevom	modrićev	modricev
myspeaker	myspeaker	myspeaker
maslinarska	maslinarski	maslinarski
tematologija	tematologija	tematologija
idoliziran	idolizirati	idolizirati
vršavanja	vršavanje	vrsavanje
livoruk	livoruk	livoruk
chardez	chardez	chardez
dukley	dukley	dukley
pojašnja	pojašnjati	pojasnjati
vrhovniumu	vrhovnium	vrhovnium
kreartivni	kreartivan	kreartivan
penuel	penuel	penuel
kitchenaid	kitchenaid	kitchenaid
praonu	praona	praona
koritavljenja	koritavljenje	koritavljenje
lotusan	lotusan	lotusan
etnosusreti	etnosusret	etnosusret
najmaturantica	maturanticati	maturanticati
ogurali	ogurati	ogurati
superkritičnim	superkritičan	superkritican
ammmm	ammm	ammm
ovosno	ovosno	ovosno
zememo	zemati	zemati
gorijeti	gorijeti	gorijeti
doroteju	doroteja	doroteja
obezbjedile	obezbjediti	obezbjediti
applecheeks	applecheeks	applecheeks
evolveos	evolveos	evolveos
majdin	majdin	majdin
kirinskog	kirinski	kirinski
utilites	utiliti	utiliti
nedodijeljenog	nedodijeljen	nedodijeljen
protaginista	protaginist	protaginist
lonah	lonah	lonah
kanjer	kanjer	kanjer
damjanov	damjanov	damjanov
prirodnim	prirodan	prirodan
surgutovo	surgutov	surgutov
uzlari	uzlar	uzlar
poslušni	poslušan	poslusan
miklenic	miklenic	miklenic
izadili	izaditi	izaditi
oktogonalno	oktogonalno	oktogonalno
savjt	savjet	savjet
fitoncidi	fitoncid	fitoncid
silbermana	silberman	silberman
povrhpotporna	povrhpotporan	povrhpotporan
ballse	ballsoke	ballsoke
bosnaputevi	bosnaputev	bosnaputev
ilineke	ilineki	ilineki
odvijete	odviti	odviti
nepremičnin	nepremičan	nepremican
jaisalmer	jaisalmer	jaisalmer
celofančić	celofančić	celofancic
pridonositelj	pridonositelj	pridonositelj
euroazijaca	euroazijac	euroazijac
izračunalo	izračunati	izracunati
genercije	genercija	genercija
bralića	bralić	bralic
nakovrčala	nakovrčati	nakovrcati
mikronsku	mikronski	mikronski
zakopalo	zakopati	zakopati
kocila	kočiti	kociti
prebukiran	prebukiran	prebukiran
tercijarno	tercijaran	tercijaran
troškovab	troškovab	troskovab
pričvršćujemo	pričvršćivati	pricvrscivati
mitohondrijskoj	mitohondrijski	mitohondrijski
pragmatičnog	pragmatičan	pragmatican
pridonosii	pridonositi	pridonositi
poludeplasmansku	poludeplasmanski	poludeplasmanski
akumuliranje	akumuliranje	akumuliranje
bracht	bracht	bracht
dinamičnostima	dinamičnost	dinamicnost
plazmacitoidnih	plazmacitoidni	plazmacitoidni
nabodenim	nabosti	nabosti
onemogućujete	onemogućivati	onemogucivati
prednominacijski	prednominacijski	prednominacijski
arhiviranu	arhivirati	arhivirati
aktivnatura	aktivnatura	aktivnatura
joaom	joao	joao
vatsko	vatski	vatski
vedih	vidjeti	vidjeti
cristobalu	cristobal	cristobal
benchanjem	benchanje	benchanje
obistinila	obistiniti	obistiniti
izdelava	izdelava	izdelava
jezikrazred	jezikrazred	jezikrazred
amazonske	amazonski	amazonski
netradicionalno	netradicionalan	netradicionalan
uiestalosti	uiestalost	uiestalost
demontani	demontan	demontan
podijima	podij	podij
boksitnim	boksitni	boksitni
pomote	pomoti	pomoti
psihoneuropatske	psihoneuropatski	psihoneuropatski
schindler	schindler	schindler
motelske	motelski	motelski
slile	sliti	sliti
lela	lela	lela
bamlanivimaba	bamlanivimab	bamlanivimab
kuninicu	kuninica	kuninica
lazurnost	lazurnost	lazurnost
cerei	chreati	chreati
ulogiravam	ulogiravati	ulogiravati
zayebavao	zayebavati	zayebavati
kurečkog	kurečki	kurecki
patogenom	patogen	patogen
arnuš	arnuš	arnus
jaknicu	jaknica	jaknica
ozvučavanje	ozvučavanje	ozvucavanje
volfgang	volfgang	volfgang
komponentata	komponentat	komponentat
badelja	badelj	badelj
boretov	boretov	boretov
iskorijenjenima	iskorijeniti	iskorijeniti
sustavkineske	sustavkineski	sustavkineski
resnično	resnično	resnicno
pozaiću	pozaić	pozaic
virickog	virička	viricka
sedeslava	sedeslav	sedeslav
zatupljenošću	zatupljenost	zatupljenost
jepotom	jepot	jepot
izlučujemo	izlučivati	izlucivati
churchillovom	churchillov	churchillov
klasičn	klasičn	klasicn
metafilmskom	metafilmski	metafilmski
biciklima	bicikl	bicikl
raččunska	raččunski	raccunski
bratovža	bratovž	bratovz
krivičnog	krivični	krivicni
ispirčana	ispirčan	ispircan
gljivicne	gljivičan	gljivican
potrošai	potroš	potros
heliogabalusa	heliogabalus	heliogabalus
pindo	pindo	pindo
kljusinu	kljusina	kljusina
korisika	korisik	korisik
rakovih	rakov	rakov
funkcionisanja	funkcionisanje	funkcionisanje
gradačačku	gradačački	gradacacki
vienisu	vienisa	vienisa
skraeeni	skrasiti	skrasiti
manchanda	manchanda	manchanda
benchmadeu	benchmade	benchmade
informacijskogcentra	informacijskogcentar	informacijskogcentar
atomx	atomx	atomx
glejnim	glejan	glejan
fernandeza	fernandez	fernandez
sagrađena	sagraditi	sagraditi
mešaonu	mešaona	mesaona
sandiju	sandi	sandi
dekontrakcijske	dekontrakcijski	dekontrakcijski
ensam	ensam	ensam
queueu	queue	queue
ferarriju	ferarri	ferarri
duriti	duriti	duriti
termovizije	termovizija	termovizija
cavalierse	cavalierse	cavalierse
lepenicu	lepenić	lepenic
uja	ujo	ujo
taktizirati	taktizirati	taktizirati
žako	žako	zako
neuočen	neuočen	neuocen
pljucao	pljucati	pljucati
sadistu	sadist	sadist
efektza	efektz	efektz
vokacije	vokacija	vokacija
vikoovom	vikoov	vikoov
obezbedjenju	obezbeđenje	obezbedenje
kovace	kovač	kovac
prenemagati	prenemagati	prenemagati
tetide	tetide	tetide
lazuran	lazuran	lazuran
kukamelona	kukamelon	kukamelon
članicmaa	članičam	clanicam
ogle	ogle	ogle
laquoškvadreraquo	laquoškvadreraquo	laquoskvadreraquo
pituran	piturati	piturati
livadija	livadija	livadija
sporovozni	sporovozan	sporovozan
porazgovore	porazgovoriti	porazgovoriti
autorotacije	autorotacija	autorotacija
orianu	oriana	oriana
specijalisticke	specijalistički	specijalisticki
gpayu	gpay	gpay
omniusovo	omniusov	omniusov
goldbergov	goldbergov	goldbergov
bežanja	bežanje	bezanje
matrao	matrao	matrao
udaljili	udaljiti	udaljiti
mrut	mrut	mrut
grozna	grozan	grozan
bance	bance	bance
konpjuter	konpjuter	konpjuter
sprektroskopija	sprektroskopija	sprektroskopija
kudryavtsev	kudryavtsev	kudryavtsev
taljigat	taljigati	taljigati
zadobarju	zadobarje	zadobarje
behemoti	behemot	behemot
tofusa	tofus	tofus
toussaintom	toussaint	toussaint
crkvencu	crkvenac	crkvenac
oziri	oziri	oziri
prikupqawu	prikupaow	prikupaow
andronikova	andronikov	andronikov
uredjeni	urediti	urediti
verifikacijskom	verifikacijski	verifikacijski
entički	entički	enticki
jednokolosiječnog	jednokolosiječan	jednokolosijecan
kaidi	kaidi	kaidi
suradjuje	surađivati	suradivati
phantex	phantex	phantex
scenarijom	scenarija	scenarija
mintusov	mintusov	mintusov
izvitoperenje	izvitoperenje	izvitoperenje
iznivelirat	iznivelirati	iznivelirati
ragovora	ragovor	ragovor
bozone	bozon	bozon
simoneov	simoneov	simoneov
ratzingerove	ratzingerov	ratzingerov
istrovenetskom	istrovenetski	istrovenetski
adverbne	adverban	adverban
podastrtih	podastrt	podastrt
štamparev	štamparev	stamparev
nenaspavanosti	nenaspavanost	nenaspavanost
salvija	salvija	salvija
podnositeljki	podnositeljki	podnositeljki
traverše	traverša	traversa
polupismenost	polupismenost	polupismenost
nepreskočiv	nepreskočiv	nepreskociv
monadološkog	monadološki	monadoloski
kinih	kin	kin
hadžiće	hadžić	hadzic
induktivna	induktivan	induktivan
prosječnoj	prosječan	prosjecan
labolatorij	labolatorij	labolatorij
dorda	dord	dord
marketnigu	marketnig	marketnig
preegzistentne	preegzistentni	preegzistentni
kosudaje	kosudaja	kosudaja
svesektore	svesektor	svesektor
eksploatišemo	eksploatišati	eksploatisati
skriptni	skriptni	skriptni
rotschilda	rotschild	rotschild
innmotion	innmotion	innmotion
zakrpajte	zakrpati	zakrpati
stamati	stamati	stamati
skupštinskom	skupštinski	skupstinski
cepilo	cepiti	cepiti
jadnički	jadnički	jadnicki
cvancike	cvancika	cvancika
biancocelesti	biancocelesti	biancocelesti
setcreasia	setcreasia	setcreasia
prezidenta	prezident	prezident
uutkala	uutkati	uutkati
kombrigove	kombrigov	kombrigov
presijeci	presjećiti	presijeci
ziplajn	ziplajn	ziplajn
zaslužje	zaslužjati	zasluzjati
grivenarke	grivenarki	grivenarki
bujičarima	bujičar	bujicar
boza	boza	boza
cementom	cement	cement
movida	movid	movid
aames	aames	aames
gaymerskih	gaymerski	gaymerski
kontolišu	kontoliša	kontolisa
guslači	guslač	guslac
viktimizacijom	viktimizacija	viktimizacija
dezitijati	dezitijati	dezitijati
ghospoet	ghospoet	ghospoet
izvrtane	izvrtati	izvrtati
nedeljnikom	nedeljnik	nedeljnik
steinerovu	steinerov	steinerov
formosu	formos	formos
pobješnjelog	pobješnje	pobjesnjeo
ubiboze	ubiboza	ubiboziti
knightov	knightov	knightov
moštanica	moštanica	mostanica
časkanju	časkanje	caskanje
objavih	objaviti	objaviti
frotron	frotron	frotron
hranica	hranić	hranic
shearsmith	shearsmith	shearsmith
odživljeni	odživiti	odziviti
pribislavec	pribislavec	pribislavec
dosadnj	dosadnj	dosadnj
ginisovu	ginisov	ginisov
fanaticnim	fanatičan	fanatican
maguen	maguen	maguen
utipkavajući	utipkavati	utipkavati
oneplusx	oneplusx	oneplusx
desavale	desavati	desavati
humova	hum	hum
farmerka	farmerka	farmerka
vanevropski	vanevropski	vanevropski
heltonje	heltonje	heltonje
neznatanbroj	neznatanbroj	neznatanbroj
odontogene	odontogen	odontogen
naion	naion	naion
oraše	orah	orasa
vrbskog	vrbski	vrbski
najsvetlijeg	stletao	stletao
zgruti	zgruti	zgruti
zakorovljenih	zakoroviti	zakoroviti
letejeti	letejet	letejet
zatrepćala	zatrepćati	zatrepcati
naljke	naljka	naljka
michelom	michel	michel
travnatim	travnat	travnat
elik	elik	elik
alkhol	alkhol	alkhol
hajdarhodžić	hajdarhodžić	hajdarhodzic
radikalnofeministički	radikalnofeministički	radikalnofeministicki
grupaških	grupaški	grupaski
zastraen	zastraen	zastraen
euputnica	euputnica	euputnica
raspisite	raspisiti	raspisati
nareza	narezati	narezati
jugota	jugot	jugot
cabanelom	cabanel	cabanel
babušku	babuška	babuska
nedelotvorno	nedelotvoran	nedelotvoran
imunogenetike	imunogenetika	imunogenetika
učnju	učnja	ucnja
novodiplomirani	novodiplomiran	novodiplomiran
usvakodnevnom	usvakodnevan	usvakodnevan
založnicom	založnica	zaloznica
relumino	relumino	relumino
šurjakinja	šurjakinja	surjakinja
daprestanem	daprestan	daprestan
peripatologinja	peripatologinja	peripatologinja
vlastina	vlastina	vlastina
ortotropnih	ortotropan	ortotropan
kir	kir	kir
nedinamičnu	nedinamičan	nedinamican
zaprimali	zaprimati	zaprimati
klišeiziranjem	klišeiziranje	kliseiziranje
surovijoj	surov	surov
dokazakoji	dokazakoj	dokazakoj
sredignjeg	sredignji	sredignji
eneriju	enerio	enerio
nakonpada	nakonpada	nakonpada
ovjeritelje	ovjeritelj	ovjeritelj
šapuću	šaputati	saputati
zasnivase	zasnivati	zasnivati
zriko	zrika	zrika
rotavirus	rotavirus	rotavirus
katodikova	katodikov	katodikov
ukrcavam	ukrcavati	ukrcavati
pomiluj	pomilovati	pomilovati
vještaku	vještak	vjestak
siloman	siloman	siloman
izdubene	izdubiti	izdubiti
izviešće	izviešće	izviesce
rodnoggrada	rodnoggrad	rodnoggrad
sveton	svethone	svethone
fulalo	fulati	fulati
jabučnjak	jabučnjak	jabucnjak
kljuevima	kljuev	kljuev
linkin	linkin	linkin
razrokog	razrok	razrok
vodoinstalaterstvu	vodoinstalaterstvo	vodoinstalaterstvo
marganova	marganov	marganov
poetkom	poetak	poetak
zdrobljenim	zdrobiti	zdrobiti
pervitić	pervitić	pervitic
zakrpu	zakrpa	zakrpa
koncilijantniji	koncilijantan	koncilijantan
domesticirani	domesticiran	domesticiran
karmic	karmić	karmic
sviđo	sviđati	svidati
netmonitor	netmonitor	netmonitor
kristine	kristina	kristina
laphroaig	laphroaig	laphroaig
očupala	očupati	ocupati
mekir	mekir	mekir
prestravi	prestraviti	prestraviti
frutiger	frutiger	frutiger
balansirajućeg	balansirajući	balansirajuci
krotone	krotona	krotona
malossijevi	malossijev	malossijev
nueve	nueve	nueve
eleaf	eleaf	eleaf
bago	bago	bago
plastiki	plastika	plastika
robiji	robija	robija
somić	somić	somic
bergamota	bergamot	bergamot
tiniskom	tiniski	tiniski
manjuje	manjivati	manjivati
drvnog	drvni	drvni
vajomingu	vajoming	vajoming
lxv	lxv	lxv
inspicijentica	inspicijentica	inspicijentica
garantujem	garantovati	garantovati
ukrućuje	ukrućivati	ukrucivati
fantastičara	fantastičar	fantasticar
skivam	skivati	skivati
kaštelir	kaštelir	kastelir
zatupljenim	zatupiti	zatupiti
postulati	postulat	postulat
darkice	darkica	darkica
dopunskim	dopunski	dopunski
najstroža	strog	strog
nezakazivanje	nezakazivanje	nezakazivanje
villinger	villinger	villinger
brodicu	brodica	brodica
prilisnite	prilisnuti	prilisnuti
doktorske	doktorski	doktorski
stigmacij	stigmac	stigmac
sjevenoj	sjeven	sjeven
airura	airura	airura
taktizira	taktizirati	taktizirati
svakakih	svakak	svakak
prostorimanegrijanim	prostorimanegrijan	prostorimanegrijan
botića	botić	botica
oteje	otejati	otejati
zaurlikati	zaurlikati	zaurlikati
pajperu	pajper	pajper
folketingu	folketing	folketing
nježići	nježić	njezic
kriminalizacijom	kriminalizacija	kriminalizacija
velemoze	velemoza	velemoza
brojevne	brojevni	brojevni
iaudit	iaudit	iaudit
napetijima	napeti	napeti
konzervaciju	konzervacija	konzervacija
poljedice	poljedica	poljedica
ubadas	ubadati	ubadati
lahkog	lahki	lahki
rastum	rastum	rastum
veprovima	veprov	veprov
ukrsteno	ukrsteno	ukrstiti
fijasku	fijasko	fijasko
ophoenje	ophoenje	ophoenje
pixnio	pixnio	pixnio
sonderopfer	sonderopfer	sonderopfer
uvaljanih	uvaljati	uvaljati
najšokantnijem	šokantan	sokantan
fizikalaca	fizikalac	fizikalac
grafićki	grafićki	graficki
prerasporede	prerasporediti	prerasporediti
kemizmom	kemizam	kemizam
dogotovljenog	dogotovljen	dogotovljen
replicirala	replicirati	replicirati
zaludjenosti	zaludjenost	zaludjenost
rasteju	rastivati	rastivati
stovie	stovie	stovie
kakosu	kakosa	kakosa
dosasce	dosasce	dosasce
zalamanja	zalamanje	zalamanje
gušćić	gušćić	guscic
paušalonom	paušalon	pausalon
tačnost	tačnost	tacnost
slavka	slavko	slavko
glamurom	glamur	glamur
hehehehhe	hehe	hehe
bodo	bodo	bodo
tapalesa	tapales	tapales
tulumu	tulum	tulum
masterplanom	masterplan	masterplan
izvornojezičnih	izvornojezični	izvornojezicni
gurdasani	gurdasani	gurdasani
starudijama	starudija	starudija
sretali	sretati	sretati
predvidjanje	predvidjanje	predvidjanje
dizelicu	diželić	dizelic
pouparda	poupard	poupard
izvaljanog	izvaljati	izvaljati
najvredniji	vrijedan	vrijedan
polifazna	polifazan	polifazan
freestylebender	freestylebender	freestylebender
superoksidni	superoksidan	superoksidan
muntaju	muntati	muntati
orgonitima	orgonit	orgonit
umiksao	umiksati	umiksati
morisom	moris	moris
separaciona	separacion	separacion
pitac	pitac	pitac
youthom	youth	youth
tetanusom	tetanus	tetanus
zavjera	zavjera	zavjera
sjemna	sjeman	sjeman
vucjim	vuč	vucji
kinpira	kinpira	kinpira
dugovjecniji	dugovječan	dugovjecan
rokovodstvo	rokovodstvo	rokovodstvo
bajriću	bajrić	bajric
olakšavajudu	olakšavajudi	olaksavajudi
neuznemireno	neuznemireno	neuznemireno
geotagiranu	geotagirati	geotagirati
zadavala	zadavati	zadavati
imaginativnim	imaginativan	imaginativan
nabrojao	nabrojati	nabrojati
šniclama	šnicla	snicla
ocijenih	ocijeniti	ocijeniti
zaodjenulo	zaodjenuti	zaodjenuti
poslušnosti	poslušnost	poslusnost
bratini	bratina	bratina
lavovskom	lavovski	lavovski
pokusamo	pokusati	pokusati
nerada	nerad	nerad
namrštenim	namrštiti	namrstiti
orašca	orašac	orasac
smap	smap	smap
iskezio	iskeziti	iskeziti
strastan	strastan	strastan
ustani	ustati	ustati
barbatinu	barbatin	barbatin
sabla	sabao	sabao
opkolimo	opkoliti	opkoliti
mramorne	mramoran	mramoran
fagnjen	fagnjen	fagnjen
predlate	predlati	predlati
žustrom	žustar	zustar
icemu	išta	ista
tidewater	tidewater	tidewater
fahriju	fahri	fahri
oborita	oborit	oborit
stulić	stulić	stulic
mizbori	mizbor	mizbor
hidroskopični	hidroskopičan	hidroskopican
klošaru	klošar	klosar
detinje	detinje	detinje
besplodnih	besplodan	besplodan
željen	željeti	zeljeti
garminu	garmin	garmin
laskavac	laskavac	laskavac
polnoćno	polnoći	polnoci
adrostane	adrostana	adrostana
eries	eries	eries
poživčani	poživčaniti	pozivcaniti
mejsečnice	mejsečnica	mejsecnica
kartijalni	kartijalan	kartijalan
proshlim	proshli	proshli
jeobjavljena	jeobjaviti	jeobjaviti
jahtaše	jahtaš	jahtas
interesovala	interesovati	interesovati
matematieke	matematieka	matematieka
šubići	šubić	subic
svetkovnu	svetkovnu	svetkovnu
neodrzivosti	neodrživost	neodrzivost
postignua	postignu	postignu
depozitarnim	depozitarni	depozitarni
medievil	medievil	medievil
trimuje	trimovati	trimovati
jakarte	jakarta	jakarta
vatrotehna	vatrotehna	vatrotehna
upjevavanje	upjevavanje	upjevavanje
duhance	duhanac	duhanac
meimurje	meimurje	meimurje
netna	netna	netna
netržišnoj	netržišni	netrzisni
hiromancija	hiromancija	hiromancija
budalaštini	budalaština	budalastina
tomsonovih	tomsonov	tomsonov
započetom	započeti	zapoceti
foxxy	foxxy	foxxy
izdelili	izdeliti	izdeliti
forsiranju	forsiranje	forsiranje
podržavajuću	podržavajući	podrzavajuci
skele	skela	skela
proizilazili	proizilaziti	proizilaziti
nezapamćene	nezapamćen	nezapamcen
frap	frap	frap
tolušićem	tolušić	tolusic
krtenica	krtenica	krtenica
doedukaciju	doedukacija	doedukacija
trashanjem	trashanje	trashanje
sofistička	sofistički	sofisticki
grkokatoličkom	grkokatolički	grkokatolicki
škrebec	škrebec	skrebec
arrowwood	arrowwood	arrowwood
departer	departer	departer
usrecim	usrećiti	usreciti
grametra	grametar	grametar
confranc	confranc	confranc
kauder	kauder	kauder
peskovegetarijanci	peskovegetarijanac	peskovegetarijanac
inventarnoj	inventarni	inventarni
laboratorijumu	laboratorijum	laboratorijum
podskupa	podskup	podskup
bosticka	bosticka	bosticka
ružićevoj	ružićev	ruzicev
robije	robija	robija
reziduuma	reziduum	reziduum
incidenat	incidenat	incidenat
nesolidnih	nesolidan	nesolidan
tragačica	tragačica	tragacica
marinovec	marinovec	marinovec
paedophryne	paedophryna	paedophryna
ohladiš	ohladiti	ohladiti
sarlatan	sarlatan	sarlatan
velikobošnjaštvo	velikobošnjaštvo	velikobosnjastvo
hammu	hamm	hamm
aljanskog	aljansko	aljansko
bibloteka	bibloteka	bibloteka
najnedavniji	nedavan	nedavan
beskrajnosti	beskrajnost	beskrajnost
julianno	julianno	julianno
ilismanjenja	ilismanjenje	ilismanjenje
ožulja	ožuljati	ozuljati
interpersonalne	interpersonalan	interpersonalan
uspravnu	uspravan	uspravan
fetalno	fetalan	fetalan
župljanin	župljanin	zupljanin
sagorivih	sagoriv	sagoriv
zaklamana	zaklaman	zaklaman
bakiota	bakiot	bakiot
bayerne	bayern	bayern
ofertorij	ofertorij	ofertorij
etnojezi	etnojez	etnojez
powerfuljre	powerfuljra	powerfuljra
teoloskih	teoloski	teoloski
ventilirajućih	ventilirajući	ventilirajuci
omerov	omerov	omerov
allavida	allavida	allavida
glazen	glazen	glazen
vozad	vozad	vozad
afloderma	afloderm	afloderm
momiji	momiji	momiji
pčelina	pčelin	pcelin
donosu	donos	donos
drvodeljski	drvodeljski	drvodeljski
kasnoproljetnom	kasnoproljetan	kasnoproljetan
ophodimo	ophoditi	ophoditi
kolektivne	kolektivan	kolektivan
shifteri	shifter	shifter
reklasifikovani	reklasifikovati	reklasifikovati
istovremenom	istovremen	istovremen
amniota	amniot	amniot
izostaje	izostajati	izostajati
zuna	zun	zuna
aranzmane	aranzman	aranzman
vankinina	vankinin	vankinin
neromi	neromi	neromi
kodenzator	kodenzator	kodenzator
kandaka	kandak	kandak
gordyja	gordy	gordy
smandrljana	smandrljati	smandrljati
razrovana	razrovati	razrovati
poluantičke	poluantički	poluanticki
pityophthorus	pityophthorus	pityophthorus
džepom	džep	dzep
rhc	rhc	rhc
kupolnog	kupolan	kupolan
nemonovno	nemonovan	nemonovan
prešaltao	prešaltati	presaltati
forenbaher	forenbaher	forenbaher
uslužnost	uslužnost	usluznost
mitomana	mitoman	mitoman
stopinšek	stopinšek	stopinsek
nalazač	nalazač	nalazac
skolovali	skolovati	skolovati
snjegovićem	snjegović	snjegovic
elijoenaj	elijoenaj	elijoenaj
liskunsko	liskunsko	liskunsko
tkachev	tkachev	tkachev
despića	despić	despic
surabayi	surabaya	surabaya
mendrella	mendrella	mendrella
redoslijedni	redoslijedni	redoslijedni
obaćavala	obaćavati	obacavati
trianonskog	trianonski	trianonski
ocepljak	očepljak	ocepljak
plačinke	plačinka	placinka
amroksi	amroks	amroks
williamov	williamov	williamov
poskocima	poskok	poskok
glazbenikovom	glazbenikov	glazbenikov
kolektoru	kolektor	kolektor
poljetanju	poljetanje	poljetanje
montine	montina	montina
schulteis	schulteis	schulteis
pogodiju	pogoditi	pogoditi
dlakaste	dlakast	dlakast
qprivuc	qprivući	qprivuci
qccntar	qccntar	qccntar
qnicksa	qnicks	qnicks
qmukon	qmukon	qmukon
qnagađalo	qnagađati	qnagadati
qsioj	qsioj	qsioj
qmelkioru	qmelkior	qmelkior
qcotee	qcotee	qcotee
qoznačuje	qoznačivati	qoznacivati
qbudistički	qbudistički	qbudisticki
qadenovirusa	qadenovirus	qadenovirus
qkontinenetu	qkontinenet	qkontinenet
qnuovo	qnuovo	qnuovo
qbonjeković	qbonjeković	qbonjekovic
qponiruća	qponirući	qponiruci
qstorylines	qstorylines	qstorylines
qbezbonik	qbezbonik	qbezbonik
qantitoksično	qantitoksičan	qantitoksican
qproživljena	qproživiti	qproziviti
qpoluzaobljeno	qpoluzaobiti	qpoluzaobiti
qdvosmernim	qdvosmerni	qdvosmerni
qzelich	qzelich	qzelich
qparčad	qparčad	qparcad
qnajvjv	qnajvjv	qnajvjv
qprokišnjava	qprokišnjavati	qprokisnjavati
qtatra	qtatar	qtatar
qrefana	qrefan	qrefan
qrazaslanom	qrazaslati	qrazaslati
qzabacujem	qzabacivati	qzabacivati
qbeesmoke	qbeesmoke	qbeesmoke
qbizantinaca	qbizantinac	qbizantinac
qrolnu	qrolan	qrolan
qvlastideo	qvlastidjeti	qvlastidjeti
qpivalne	qpivalan	qpivalan
qulomljenica	qulomljenica	qulomljenica
qpreoe	qpreo	qpreo
qbenqova	qbenqov	qbenqov
qmršavoga	qmršav	qmrsav
qkvadaratnih	qkvadaratni	qkvadaratni
qzdunska	qzdunski	qzdunski
qpokladna	qpokladan	qpokladan
qbikom	qbik	qbik
qteoforičnoj	qteoforičan	qteoforican
qvelisavqevi	qvelisavqevi	qvelisavqevi
qgrleć	qgrleć	qgrlec
qwlt	qwlt	qwlt
qsmrčka	qsmrčkati	qsmrckati
qsaglasnozahtevima	qsaglasnozaht	qsaglasnozaht
qreciklabilno	qreciklabilan	qreciklabilan
qreprofiliranju	qreprofiliranje	qreprofiliranje
qkalke	qkalka	qkalka
qpopulizmima	qpopulizam	qpopulizam
qcanstattu	qcanstatt	qcanstatt
qarcviewa	qarcview	qarcview
qvlasititim	qvlasitit	qvlasitit
qbutleru	qbutler	qbutler
qpaluzzi	qpaluzzi	qpaluzzi
qiztraživanjem	qiztraživanje	qiztrazivanje
qgenov	qgenov	qgenov
qtsingarasa	qtsingaras	qtsingars
qkrager	qkrager	qkrager
qkanata	qkant	qkant
qsuću	qsuć	qsuci
qobožavanom	qobožavati	qobozavati
qwildersa	qwilders	qwilders
qvietto	qvietto	qvietto
qdhb	qdhb	qdhb
qsvudaprisutnost	qsvudaprisutnost	qsvudaprisutnost
qzvukovod	qzvukovod	qzvukovod
qojačaće	qojačati	qojacati
qobijasni	qobijasni	qobijasni
qaeropaga	qaeropago	qaeropago
qpogonu	qpogon	qpogon
qglobaliziran	qglobalizirati	qglobalizirati
qstavnike	qstavnik	qstavnik
qgrdaovima	qgrda	qgrda
qkonstantim	qkonstant	qkonstant
qotresitima	qotresit	qotresit
qpresmiona	qpresmion	qpresmion
qmotivskome	qmotivski	qmotivski
qsharklab	qsharklab	qsharklab
qrudnim	qrudan	qrudan
qoke	qok	qok
qžicali	qžicati	qzicati
qbrailove	qbrailov	qbrailov
qjezeranka	qjezeranka	qjezeranka
qomrznutim	qomrznuti	qomrznuti
qngovana	qngovati	qngovati
qplavc	qplavc	qplavc
qmiješajućim	qmiješajući	qmijesajuci
qtrudnom	qtrudan	qtrudan
qzažnirao	qzažnirati	qzaznirati
qeheheh	qe	qe
qeisla	qeisao	qeisl
qvesna	qvestan	qvestan
qočuvanih	qočuvati	qocuvati
qboleta	qbolet	qbolet
qhitoidni	qhitoidni	qhitoidni
qbeztežinsko	qbeztežinski	qbeztezinski
qminhaj	qminhaj	qminhaj
qpreostao	qpreostati	qpreostati
qkitolovačkih	qkitolovački	qkitolovacki
qnasirije	qnasirija	qnasirija
qvinkuliranje	qvinkuliranje	qvinkuliranje
qschinas	qschinas	qschinas
qovlaživačima	qovlaživač	qovlazivac
qindesiti	qindesiti	qindesiti
qmeđučestičnih	qmeđučestičan	qmeducestican
qprekoravan	qprekoravan	qprekoravan
qostrozimlju	qostrozimati	qostrozimati
qpregorite	qpregoriti	qpregoriti
qlajkanog	qlajkati	qlajkati
qoznačitelj	qoznačitelj	qoznacitelj
qsramežljivošću	qsramežljivost	qsramezljivost
qnautakmici	qnautakmica	qnautakmica
qnealergijskom	qnealergijski	qnealergijski
qprervorba	qprervorba	qprervorba
qtroosnog	qtroosni	qtroosni
qelekrona	qelekron	qelekron
qgeoloskih	qgeoloski	qgeoloski
qpredugoga	qpredug	qpredug
qcacanova	qcacanov	qcacanov
qšljivnjaku	qšljivnjak	qsljivnjak
qvelikg	qvelikg	qvelikg
qlovering	qlovering	qlovering
qasuriju	qasuri	qasuri
qspadanju	qspadanje	qspadanje
qhacku	qhack	qhacki
qalaupovića	qalaupović	qalaupovic
qlilidejl	qlilidejl	qlilidejl
qsvjša	qsvjša	qsvjs
qhanspeter	qhanspeter	qhanspeter
qnanostrukturiranih	qnanostrukturirati	qnanostrukturirati
qulogirava	qulogiravati	qulogiravati
qkomlenca	qkomlenc	qkomlenc
qflutie	qflutie	qflutie
qradun	qradun	qradun
qcornichea	qcorniche	qcorniche
qrebuildable	qrebuildable	qrebuildable
qcroatijina	qcroatijin	qcroatijin
qmisirskim	qmisirski	qmisirski
qmarinčićem	qmarinčić	qmarincic
qprejemnik	qprejemnik	qprejemnik
qistrazivala	qistrazivati	qistrazivati
qprodubljavati	qprodubljavati	qprodubljavati
qmarita	qmarita	qmarita
qprezidan	qprezidati	qprezidati
qnegovorni	qnegovoran	qnegovoran
qazuli	qazul	qazul
qjaooj	qjaooj	qjaooj
qshildovi	qshildov	qshildov
qukakio	qukakiti	qukakiti
qmarulićevsku	qmarulićevski	qmarulicevski
qtranslatornih	qtranslatoran	qtranslatoran
qnarrators	qnarrators	qnarrators
qsproku	qsprok	qsprok
qmlatneš	qmlatnuti	qmlatnuti
qveranja	qveranje	qveranje
qkiza	qkiza	qkiza
qamfiteatarskog	qamfiteatarski	qamfiteatarski
qcarrus	qcarrus	qcarrus
qanarhističkom	qanarhistički	qanarhisticki
qsebicnog	qsebičan	qsebican
qmorganom	qmorgan	qmorgan
qprisjednica	qprisjednica	qprisjednica
qmihajlovica	qmihajlovica	qmihajlovic
qbespelenaštvom	qbespelenaštvo	qbespelenastvo
qmoureta	qmouret	qmouret
qkannegiesser	qkannegiesser	qkannegiesser
qnaglasenom	qnaglasen	qnaglasiti
qyage	qyage	qyage
qvratimai	qvratimai	qvratimai
qmj	qmj	qmj
qposrednoga	qposredan	qposredan
qpreformatirao	qpreformatirati	qpreformatirati
qoutdor	qoutdor	qoutdor
qgrouted	qgrouted	qgrouted
qtopljivih	qtopljiv	qtopljiv
qbuntovnom	qbuntovan	qbuntovan
qmijeva	qmijev	qmijev
qcjenjkanje	qcjenjkanje	qcjenjkanje
qintelektualne	qintelektualan	qintelektualan
qantidast	qantidast	qantidast
qamasya	qamasya	qamasya
qkonnet	qkonnet	qkonnet
qfrente	qfrent	qfrent
qohrana	qohrana	qohrana
qmizantropi	qmizantrop	qmizantrop
qograničitipravo	qograničitipravo	qogranicitipravo
qcerekam	qcerekati	qcerekati
qmikrokreditne	qmikrokreditni	qmikrokreditni
qsrdiš	qsrditi	qsrdis
qpregrađivana	qpregrađivati	qpregradivati
qtonalnu	qtonalan	qtonalan
quvježbanost	quvježbanost	quvjezbanost
qistaknulo	qistaknuti	qistaknuti
qcrtkve	qcrtkva	qcrtkva
qsljubit	qsljubiti	qsljubiti
qturkoloških	qturkološki	qturkoloski
qlokruma	qlokrum	qlokrum
qradjaonu	qradjaona	qradjaona
qjumpsuit	qjumpsuit	qjumpsuit
qliburnicum	qliburnicum	qliburnicum
qnakite	qnakite	qnakite
qkalajzić	qkalajzić	qkalajzic
qsusin	qsusin	qsusin
qiskočila	qiskočiti	qiskociti
qrazblaživati	qrazblaživati	qrazblazivati
qaplauzima	qaplauz	qaplauz
qbellevueom	qbellevue	qbellevue
qpretkazalo	qpretkazati	qpretkazati
qdohranjujemo	qdohranjivati	qdohranjivati
qpuglii	qpuglia	qpuglia
qdiskriminišućeg	qdiskriminišući	qdiskriminisuci
qopremljenom	qopremiti	qopremiti
qpinevića	qpinević	qpinevica
qbzzzz	qbzzzz	qbzzzz
qoriginalizma	qoriginalizam	qoriginalizam
qrazneti	qrazneti	qrazneti
qpohlepno	qpohlepno	qpohlepno
qbordela	qbordel	qbordel
qrendgenskoga	qrendgenski	qrendgenski
qpuovca	qpuovac	qpuovac
qčudovišna	qčudovišan	qcudovisan
qnanogu	qnati	qnati
qsuplju	qsuplja	qsuplja
qmonstruozni	qmonstruozan	qmonstruozan
qkasabe	qkasabe	qkasabe
qnovitetim	qnovitet	qnovitet
qscurati	qscurati	qscurati
qdayron	qdayron	qdayron
qnajmanjme	qnajmanjme	qnajmanjme
qdorekla	qdoreći	qdoreci
qzastvaranje	qzastvaranje	qzastvaranje
qgantarovim	qgantarov	qgantarov
qidinu	qidin	qidin
qdehidriranošću	qdehidriranost	qdehidriranost
qmetricu	qmetrica	qmetrica
qkadica	qkadica	qkadica
qlonghow	qlonghow	qlonghow
qkoncentrisanje	qkoncentrisanje	qkoncentrisanje
qoporbenjaštvo	qoporbenjaštvo	qoporbenjastvo
qosnovniproblem	qosnovniproblem	qosnovniproblem
qprepuwena	qprepuwiti	qprepuwiti
qtrajektnog	qtrajektni	qtrajektni
qsrijemski	qsrijemski	qsrijemski
qsmeće	qsmetati	qsmece
qphasor	qphasor	qphasor
qsuutjecali	qsuutjecati	qsuutjecati
qbretanji	qbretanji	qbretanji
qidealniju	qidealan	qidealan
qradiolokacijske	qradiolokacijski	qradiolokacijski
qboričić	qboričić	qboricic
qpredoltarnik	qpredoltarnik	qpredoltarnik
qfotoreporterima	qfotoreporter	qfotoreporter
qsanchezovom	qsanchezov	qsanchezov
qmotillium	qmotillium	qmotillium
qdoajenku	qdoajenka	qdoajenka
qdominiću	qdominić	qdominica
qosebina	qosebina	qosebina
qandjus	qandjus	qandjus
qnajdalja	qnajdalja	qnajdalj
qdugoselka	qdugoselka	qdugoselka
qmađoranca	qmađoranac	qmadoranac
qnekastrirano	qnekastrirati	qnekastrirati
qnekućanski	qnekućanski	qnekucanski
qdomazetoski	qdomazetoski	qdomazetoski
qneznace	qneznačiti	qneznaciti
qduodenojejunalnog	qduodenojejunalan	qduodenojejunalan
qkontraargumentima	qkontraargument	qkontraargument
qpejzažnih	qpejzažni	qpejzazni
qmuskarcima	qmuskarac	qmuskarac
qkalupova	qkalupov	qkalupov
qiizvozom	qiizvoz	qiizvoz
qobvijusli	qobvijusli	qobvijusli
qizraelcima	qizraelac	qizraelac
qgillardi	qgillardi	qgillardi
qprejednostavnima	qprejednostavan	qprejednostavan
qschmida	qschmid	qschmid
qurethrae	qurethrae	qurethrae
qsmecima	qsmetak	qsmetak
qnepublikovanih	qnepublikovati	qnepublikovati
qsociolingvističko	qsociolingvistički	qsociolingvisticki
qedište	qedište	qediste
qokrajaka	qokrajak	qokrajak
qukraijne	qukraijan	qukraijan
qgouldinga	qgoulding	qgoulding
qpodbetonirani	qpodbetonirati	qpodbetonirati
qstipanova	qstipanov	qstipanov
qmarvelova	qmarvelov	qmarvelov
qvladerh	qvladerh	qvladerh
qkontraaltom	qkontraalt	qkontraalt
qoprimjerena	qoprimjeriti	qoprimjeriti
qdubinomjere	qdubinomjer	qdubinomjer
qpodstav	qpodstav	qpodstav
qodšepa	qodšep	qodsep
qtytoo	qtytoo	qtytoo
qdure	qdura	qdura
qkotrimoksazola	qkotrimoksazol	qkotrimoksazol
qsusnježicu	qsusnježica	qsusnjezic
qistrpati	qistrpati	qistrpati
qcorsignano	qcorsignano	qcorsignano
qjedvije	qjedvija	qjedvija
qrazvoziš	qrazvoziti	qrazvoziti
qsupersonik	qsupersonik	qsupersonik
qoreivanju	qoreivanje	qoreivanje
qvapaje	qvapati	qvapati
qrizlinge	qrizling	qrizling
qeternity	qeternity	qeternity
qnahvatale	qnahvatati	qnahvatati
qsenala	qsenati	qsenati
qnaloksona	qnalokson	qnalokson
qpreuveličavamo	qpreuveličavati	qpreuvelicavati
qpyda	qpyd	qpyd
qmasnoee	qmasnoea	qmasnoea
qneotvrdnute	qneotvrdnuti	qneotvrdnuti
qnajkontroverznijem	qnajkontroverzan	qnajkontroverzan
qyobokies	qyobokies	qyobokies
qpneumom	qpneum	qpneum
qizravni	qizravan	qizravan
qsvaje	qsvaja	qsvaja
qodrćavati	qodrćavati	qodrcavati
qnedopuštajući	qnedopuštati	qnedopustati
qmigrantska	qmigrantski	qmigrantski
qardennes	qardennes	qardennes
qnikakakva	qnikakakav	qnikakakav
qmonovalentno	qmonovalentan	qmonovalentan
qševke	qševka	qsevka
qdinoponera	qdinoponer	qdinoponer
qćilibarske	qćilibarski	qcilibarski
qoculusovom	qoculusov	qoculusov
qniega	qnieg	qnieg
qfotokopirala	qfotokopirati	qfotokopirati
qserotonin	qserotonin	qserotonin
qtrideseta	qtrideseti	qtrideseti
qpulitzerovom	qpulitzerov	qpulitzerov
qalergogenih	qalergogen	qalergogen
qpomolit	qpomoliti	qpomoliti
qnaslono	qnaslono	qnaslono
qdocarati	qdočarati	qdocarati
qlondongrad	qlondongrad	qlondongrad
qretrovirusni	qretrovirusni	qretrovirusni
qpomuza	qpomuza	qpomuz
qjaljanje	qjaljanje	qjaljanje
quprehrani	quprehrana	quprehrana
qprevarant	qprevarant	qprevarant
qpreknjižavanje	qpreknjižavanje	qpreknjizavanje
qbespredmentno	qbespredmentno	qbespredmentno
qnovosađani	qnovosađanin	qnovosadanin
qdekadentizmu	qdekadentizam	qdekadentizam
qbakrac	qbakrac	qbakrac
qdotrčale	qdotrčati	qdotrcati
qbregadzeom	qbregadže	qbregadze
qusminkani	qusminkati	qusminkati
qasunsion	qasunsion	qasunsion
qrenderu	qrender	qrender
qkrovara	qkrovar	qkrovar
qdamasa	qdamas	qdamas
qstarcevoj	qstarćev	qstarcev
qnedovršenošću	qnedovršenost	qnedovrsenost
qzadlaščicu	qzadlaščica	qzadlascic
qeuroskepsa	qeuroskeps	qeuroskepsa
qsažimale	qsažimati	qsazimati
qferimagnetskih	qferimagnetski	qferimagnetski
qprvatni	qprvatan	qprvatan
qelektričke	qelektrički	qelektricki
qdohodovnijim	qdohodovan	qdohodovan
qpogledmo	qpogledmo	qpogledmo
qtraktima	qtrakt	qtrakt
qpreći	qpreći	qpreka
qnikolka	qnikolka	qnikolka
qtorpiljarki	qtorpiljarka	qtorpiljarka
qpodeljenost	qpodeljenost	qpodeljenost
qumjetnčkog	qumjetnčki	qumjetncki
qvanučioničke	qvanučionički	qvanucionicki
qprozračivača	qprozračivač	qprozracivac
qparternih	qparterni	qparterni
qfluorokinolonske	qfluorokinolonski	qfluorokinolonski
qdigraf	qdigraf	qdigraf
qrefunds	qrefunds	qrefunds
qamurski	qamurski	qamurski
qhidroksila	qhidroksil	qhidroksil
qprihranjenim	qprihraniti	qprihraniti
qgrossich	qgrossich	qgrossich
qpemberley	qpemberley	qpemberley
qmrkvicama	qmrkvica	qmrkvica
quppsali	quppsati	quppsati
qsipa	qsipati	qsipati
qsmokvičanin	qsmokvičanin	qsmokvicanin
qrepiina	qrepiina	qrepiina
qprigožinu	qprigožin	qprigozin
qurduu	qurdu	qurdu
qkromosomskoj	qkromosomski	qkromosomski
qzijevnem	qzijevni	qzijevni
qzasebnima	qzaseban	qzaseban
qlsusa	qlsus	qlsus
qtkoće	qtkoća	qtkoca
qškol	qškol	qskol
qdelovana	qdelovan	qdelovan
qamlitudu	qamlituda	qamlituda
qardra	qardra	qardra
qvuckova	qvučkov	qvuckov
qhrstic	qhrstić	qhrstic
qasdaaf	qasdaaf	qasdaaf
qzakočiti	qzakočiti	qzakociti
qpekčec	qpekčec	qpekcec
qtjesna	qtjestan	qtjesan
qproživele	qproživjeti	qprozivjeti
qrjesiva	qrjesiv	qrjesiv
qhederu	qheder	qheder
qbegunjščice	qbegunjščica	qbegunjscica
qnabrana	qnabrati	qnabrati
qistrastveno	qistrastveno	qistrastveno
qklemenc	qklemenc	qklemenc
qpoligrafisti	qpoligrafist	qpoligrafist
qpropagirajte	qpropagirati	qpropagirati
qpretrega	qpretreg	qpretreg
qodelek	qodelek	qodelek
qaisz	qaisz	qaisz
qizmiritelj	qizmiritelj	qizmiritelj
qčačkaš	qčačkati	qcackati
qgeroja	qgeroj	qgeroj
qgrundiran	qgrundirati	qgrundirati
qdfoc	qdfoc	qdfoc
qburgon	qburgon	qburgon
qodkotoribedolepoglave	qodkotoribedolepoglava	qodkotoribedolepoglava
qmetaratoshiba	qmetaratoshiba	qmetaratoshiba
qišćašeno	qišćašiti	qiscasiti
qkonformiramo	qkonformirati	qkonformirati
qbaćini	qbaćin	qbacina
qpalkovljević	qpalkovljević	qpalkovljevic
qprimakona	qprimakon	qprimakon
qugljenokopima	qugljenokop	qugljenokop
qsaccorgiani	qsaccorgiani	qsaccorgiani
qnjemui	qnjemui	qnjemui
qaliko	qaliko	qaliko
quvlačljivim	quvlačljiv	quvlacljiv
qtropolno	qtropolno	qtropolno
qtabhana	qtabhan	qtabhan
qmonstruoznom	qmonstruozan	qmonstruozan
qkondomom	qkondom	qkondom
qvijulinom	qvijulin	qvijulin
qvulpeu	qvulpe	qvulpe
qomirkona	qomirkon	qomirkon
qivezića	qivezić	qivezica
qfarski	qfarski	qfarski
qhocenski	qhocenski	qhocenski
qslušačice	qslušačica	qslusacica
qraspolazu	qraspolaza	qraspolagati
qslikanjima	qslikanje	qslikanje
qbezinovićem	qbezinović	qbezinovic
qpizap	qpizap	qpizap
qlovei	qlovei	qlovei
qsowetu	qsowet	qsowet
qmasinom	qmasin	qmasina
qdeterdženta	qdeterdžent	qdeterdzent
quborom	qubor	qubor
qlotovene	qlotoven	qlotoven
qhogsmeada	qhogsmead	qhogsmead
qreportaži	qreportaža	qreportaza
qčenu	qčiti	qciti
qbrodskidnevnik	qbrodskidnevnik	qbrodskidnevnik
qtrofeo	qtrofeo	qtrofeo
qesekerima	qeseker	qeseker
qgeotesla	qgeotesla	qgeotesla
qgctf	qgctf	qgctf
qobliviana	qobliviana	qobliviana
qindicirale	qindicirati	qindicirati
qvorianu	qvorian	qvorian
qhercai	qhercai	qhercai
qtikulin	qtikulin	qtikulin
qmarinike	qmarinik	qmarinik
qperitonealnoj	qperitonealan	qperitonealan
qdolju	qdolje	qdolje
qživeću	qživeć	qzivec
qadvertizing	qadvertizing	qadvertizing
qdružei	qdruže	qdruzei
qtrapan	qtrapan	qtrapan
qbizovačkoga	qbizovački	qbizovacki
qlippea	qlippe	qlippe
qprussia	qprussia	qprussia
qkletvu	qkletva	qkletva
qdonaldovo	qdonaldov	qdonaldov
qstakhis	qstakhis	qstakhis
qkunevom	qkunev	qkunev
qtzaziki	qtzazik	qtzazik
qtrajner	qtrajner	qtrajner
qkršovita	qkršovit	qkrsovit
qfiziokrat	qfiziokrat	qfiziokrat
qmilkwash	qmilkwash	qmilkwash
qrazumjelo	qrazumjeti	qrazumjeti
qheavdnoj	qheavdni	qheavdni
qmečenčana	qmečenčan	qmecencanin
qkrepa	qkrepati	qkrepati
qdolenica	qdolenica	qdolenica
qmenkinovski	qmenkinovski	qmenkinovski
qosobamo	qosobati	qosobati
qmccarthya	qmccarthy	qmccarthy
qnisuotišli	qnisuotići	qnisuotici
qautoprijevoznik	qautoprijevoznik	qautoprijevoznik
qesop	qesop	qesop
qteatralna	qteatralan	qteatralan
qbostonsku	qbostonski	qbostonski
qcloying	qcloying	qcloying
qolimpijinog	qolimpijin	qolimpijin
qpridajete	qpridavati	qpridavati
qantidiskriminacione	qantidiskriminaciona	qantidiskriminaciona
qcrichtonovog	qcrichtonov	qcrichtonov
qsonografiju	qsonografija	qsonografija
qinternerevizije	qinternerevizija	qinternerevizija
qhafsi	qhafsi	qhafsi
qjaganjcima	qjaganjac	qjaganjac
qodmeknu	qodmeći	qodmeci
qmacpara	qmacpar	qmacpar
qdoticalo	qdoticati	qdoticati
qsprung	qsprung	qsprung
qtelematski	qtelematski	qtelematski
qfacana	qfacan	qfacan
qsvjetlotiska	qsvjetlotisak	qsvjetlotisak
qspoljane	qspoljana	qspoljana
qktd	qktd	qktd
qmotivea	qmotive	qmotive
qžikin	qžikin	qzikin
qmutavxi	qmutavxi	qmutavxi
qneizrazitih	qneizrazit	qneizrazit
qvrer	qvrer	qvrer
qorganizatorski	qorganizatorski	qorganizatorski
qposijeda	qposijedati	qposijedati
qtholen	qtholen	qtholen
qgrascals	qgrascals	qgrascals
qsjedeca	qsjedec	qsjedeci
qzavarljiv	qzavarljiv	qzavarljiv
qfarmingu	qfarming	qfarming
qštovan	qštovati	qstovati
qsvečarovski	qsvečarovski	qsvecarovski
qsuptraktivno	qsuptraktivan	qsuptraktivan
qsportaa	qsporta	qsporta
qspakovani	qspakovati	qspakovati
qlaiče	qlaik	qlaica
qhiperkinetiki	qhiperkinetik	qhiperkinetik
qhiperfosforilacija	qhiperfosforilacija	qhiperfosforilacija
qperadarnice	qperadarnica	qperadarnica
qtyer	qtyer	qtyer
qukajl	qukajl	qukajl
qstirneru	qstirner	qstirner
qveeoj	qvelik	qvelik
qcjedilu	qcjedilo	qcjedilo
qpopirjaj	qpopirjati	qpopirjati
qvizualizuje	qvizualizivati	qvizualizivati
qeeka	qeek	qeek
qilicencirana	qilicencirati	qilicencirati
qizmiješajte	qizmiješati	qizmijesati
qdolatin	qdolatin	qdolatin
qstolojan	qstolojan	qstolojan
qdraženčić	qdraženčić	qdrazencic
qprofesorske	qprofesorski	qprofesorski
qiraspoloživim	qiraspoloživ	qiraspoloziv
qfinasterida	qfinasterid	qfinasterid
qnaučivši	qnaučiti	qnauciti
qjurjevaca	qjurjevac	qjurjevac
qvidijo	qvidjeti	qvidjeti
qrešetare	qrešetar	qresetar
qkapitulirani	qkapitulirati	qkapitulirati
qzasjeci	qzasjeći	qzasjeci
qmižerije	qmižerija	qmizerija
qasovaprije	qasovaprija	qasovaprija
qwhatever	qwhatever	qwhatever
qxeljanz	qxeljanz	qxeljanz
qkulturhalle	qkulturhalle	qkulturhalle
qdatiranje	qdatiranje	qdatiranje
qsimuliranom	qsimulirati	qsimulirati
qpisarevom	qpisarev	qpisarev
qbalmunga	qbalmung	qbalmung
qnajangažiranijim	qnajangažiran	qnajangaziran
qseizmologiju	qseizmologija	qseizmologija
qrekonfigurirajte	qrekonfigurirati	qrekonfigurirati
qobranjivu	qobranjiv	qobranjiv
qnambi	qnambi	qnambi
qvjencao	qvjenčati	qvjencati
qchanelove	qchanelov	qchanelov
qiščekivanjima	qiščekivanje	qiscekivanje
qpacinova	qpacinov	qpacinov
qraličitih	qraličit	qralicit
qbeertije	qbeerti	qbeerti
qpunnnooo	qpunnno	qpunnno
qizvidio	qizvidjeti	qizvidjeti
qnežidove	qnežidov	qnezid
qsinologija	qsinologija	qsinologija
qneravnomjernih	qneravnomjeran	qneravnomjeran
qublažavao	qublažavati	qublazavati
qekonomican	qekonomičan	qekonomican
qpodutjecajem	qpodutjecaj	qpodutjecaj
qprevolim	qprevoljeti	qprevoljeti
qdugogodisnjih	qdugogodišnji	qdugogodisnji
qfotoobjektivi	qfotoobjektiv	qfotoobjektiv
quzvikuju	quzvikivati	quzvikivati
qpredusev	qpredusev	qpredusev
qstripesima	qstripes	qstripes
qsavamale	qsavamati	qsavamati
qhapijev	qhapijev	qhapijev
bala	bale	bale
balama	bale	bale
banjolama	banjole	banjole
brtoniglu	brtonigla	brtonigla
buja	buje	buje
elektroistre	elektroistra	elektroistra
elektroistrom	elektroistra	elektroistra
gorana	goran	goran
grožnjana	grožnjan	groznjan
grožnjanu	grožnjan	groznjan
investijskog	investicijski	investicijski
koromačna	koromačno	koromacno
koromačnom	koromačno	koromacno
kršana	kršan	krsan
kršeta	kršete	krsete
kršete	kršete	krsete
ližnjana	ližnjan	liznjan
ližnjanci	ližnjanac	liznjanac
materijalini	materijalan	materijalan
nedelje	nedelja	nedelja
nedelji	nedelja	nedelja
nedelju	nedelja	nedelja
nemataerijalna	nematerijalan	nematerijalan
peroja	peroj	peroj
peroju	peroj	peroj
stoja	stoja	stoja
sveta	svet	svet
tita	tito	tito
valture	valtura	valtura
vodicama	vodica	vodica
vodnjana	vodnjan	vodnjan
vrsara	vrsar	vrsar
šikutima	šikuti	sikuti
šumbera	šumber	sumber
šumberu	šumber	sumber
šuridi	šurida	surida
žminja	žminj	zminj
žminjci	žminjac	zminjac
fažana	fažana	fazana
fazana	fazan	fazana
umagu	umag	umag
zupanije	županija	zupanija
2024	2024	2024
a1b2	a1b2	a1b2
